Entity	Relation	Value	Iteration of Promotion	Probability	Source	Entity literalStrings	Value literalStrings	Best Entity literalString	Best Value literalString	Categories for Entity	Categories for Value	Candidate Source
concept:personasia:michael_berne	concept:haswikipediaurl	http://en.wikipedia.org/wiki/Michael%20Berne	710	0.95	MBL-Iter%3A710-2013%2F03%2F13-12%3A17%3A37-From+ErrorBasedIntegrator+%28AliasMatcher%28%2C%29%29	"Michael Berne" 	"http://en.wikipedia.org/wiki/Michael%20Berne" 	Michael Berne	http://en.wikipedia.org/wiki/Michael%20Berne			%5BAliasMatcher-Iter%3A621-2012%2F08%2F03-10%3A35%3A59-%3Ctoken%3D%3E-Freebase+7%2F9%2F2012%5D
concept:personeurope:john_bradstreet	concept:haswikipediaurl	http://en.wikipedia.org/wiki/John%20Bradstreet	710	0.95	MBL-Iter%3A710-2013%2F03%2F13-12%3A17%3A37-From+ErrorBasedIntegrator+%28AliasMatcher%28%2C%29%29	"John Bradstreet" 	"http://en.wikipedia.org/wiki/John%20Bradstreet" 	John Bradstreet	http://en.wikipedia.org/wiki/John%20Bradstreet			%5BAliasMatcher-Iter%3A621-2012%2F08%2F03-10%3A35%3A59-%3Ctoken%3D%3E-Freebase+7%2F9%2F2012%5D
concept:female:ramendra_kumar	concept:haswikipediaurl	http://en.wikipedia.org/wiki/Ramendra%20Kumar	710	0.95	MBL-Iter%3A710-2013%2F03%2F13-12%3A17%3A37-From+ErrorBasedIntegrator+%28AliasMatcher%28%2C%29%29	"Ramendra Kumar" 	"http://en.wikipedia.org/wiki/Ramendra%20Kumar" 	Ramendra Kumar	http://en.wikipedia.org/wiki/Ramendra%20Kumar			%5BAliasMatcher-Iter%3A621-2012%2F08%2F03-10%3A35%3A59-%3Ctoken%3D%3E-Freebase+7%2F9%2F2012%5D
concept:lake:bogstadvannet	concept:haswikipediaurl	http://en.wikipedia.org/wiki/Bogstadvannet	710	0.95	MBL-Iter%3A710-2013%2F03%2F13-12%3A17%3A37-From+ErrorBasedIntegrator+%28AliasMatcher%28%2C%29%29	"Bogstadvannet" "bogstadvannet" 	"http://en.wikipedia.org/wiki/Bogstadvannet" 	Bogstadvannet	http://en.wikipedia.org/wiki/Bogstadvannet			%5BAliasMatcher-Iter%3A621-2012%2F08%2F03-10%3A35%3A59-%3Ctoken%3D%3E-Freebase+7%2F9%2F2012%5D
concept:male:cheyenne_woods	concept:haswikipediaurl	http://en.wikipedia.org/wiki/Cheyenne%20Woods	710	0.95	MBL-Iter%3A710-2013%2F03%2F13-12%3A17%3A37-From+ErrorBasedIntegrator+%28AliasMatcher%28%2C%29%29	"Cheyenne Woods" 	"http://en.wikipedia.org/wiki/Cheyenne%20Woods" 	Cheyenne Woods	http://en.wikipedia.org/wiki/Cheyenne%20Woods			%5BAliasMatcher-Iter%3A621-2012%2F08%2F03-10%3A35%3A59-%3Ctoken%3D%3E-Freebase+7%2F9%2F2012%5D
concept:politicianus:thomas_finneran	concept:haswikipediaurl	http://en.wikipedia.org/wiki/Thomas%20Finneran	710	0.95	MBL-Iter%3A710-2013%2F03%2F13-12%3A17%3A37-From+ErrorBasedIntegrator+%28AliasMatcher%28%2C%29%29	"Thomas Finneran" 	"http://en.wikipedia.org/wiki/Thomas%20Finneran" 	Thomas Finneran	http://en.wikipedia.org/wiki/Thomas%20Finneran			%5BAliasMatcher-Iter%3A621-2012%2F08%2F03-10%3A35%3A59-%3Ctoken%3D%3E-Freebase+7%2F9%2F2012%5D
concept:mammal:eucosmodon	concept:haswikipediaurl	http://en.wikipedia.org/wiki/Eucosmodon	710	0.95	MBL-Iter%3A710-2013%2F03%2F13-12%3A17%3A37-From+ErrorBasedIntegrator+%28AliasMatcher%28%2C%29%29	"Eucosmodon" "eucosmodon" 	"http://en.wikipedia.org/wiki/Eucosmodon" 	Eucosmodon	http://en.wikipedia.org/wiki/Eucosmodon			%5BAliasMatcher-Iter%3A621-2012%2F08%2F03-10%3A35%3A59-%3Ctoken%3D%3E-Freebase+7%2F9%2F2012%5D
concept:politicsblog:quami_ekta	concept:haswikipediaurl	http://en.wikipedia.org/wiki/Quami%20Ekta	710	0.95	MBL-Iter%3A710-2013%2F03%2F13-12%3A17%3A37-From+ErrorBasedIntegrator+%28AliasMatcher%28%2C%29%29	"Quami Ekta" 	"http://en.wikipedia.org/wiki/Quami%20Ekta" 	Quami Ekta	http://en.wikipedia.org/wiki/Quami%20Ekta			%5BAliasMatcher-Iter%3A621-2012%2F08%2F03-10%3A35%3A59-%3Ctoken%3D%3E-Freebase+7%2F9%2F2012%5D
concept:person:molly_moore	concept:haswikipediaurl	http://en.wikipedia.org/wiki/Molly%20Moore	710	0.95	MBL-Iter%3A710-2013%2F03%2F13-12%3A17%3A37-From+ErrorBasedIntegrator+%28AliasMatcher%28%2C%29%29	"Molly Moore" 	"http://en.wikipedia.org/wiki/Molly%20Moore" 	Molly Moore	http://en.wikipedia.org/wiki/Molly%20Moore			%5BAliasMatcher-Iter%3A621-2012%2F08%2F03-10%3A35%3A59-%3Ctoken%3D%3E-Freebase+7%2F9%2F2012%5D
concept:person:molly_moore	concept:worksfor	concept:city:washington_d_c	995	0.9375	MBL-Iter%3A995-2016%2F05%2F20-21%3A37%3A48-From+ErrorBasedIntegrator+%28CPL%28molly_moore%2Cwashington%29%29	"Molly Moore" 	"washington d.c" "Washington D C" "washington d.c" "WASHINGTON" "washington-d-c" "D.C." "WASHINGTON D.C" "Washington" "Washington D. C." "Northwest Washington" "northwest Washington" "washington d c" "washington D C" "d.c." "Washington D.C" "Washington D.C." "northwest-washington" "washington" "DC" "dc" "Dc" "dC" 	Molly Moore	washington d.c		 concept:city	%5BCPL-Iter%3A853-2014%2F07%2F09-19%3A46%3A55-%3Ctoken%3Dmolly_moore%2Cwashington%3E-arg2+Post+writer+arg1%091%09arg2+Post+reporters+arg1%091%09arg2+Post+correspondent+arg1%092%09arg2+Post+columnist+arg1%091%5D
concept:celebrity:rosalind_ivan	concept:haswikipediaurl	http://en.wikipedia.org/wiki/Rosalind%20Ivan	710	0.95	MBL-Iter%3A710-2013%2F03%2F13-12%3A17%3A37-From+ErrorBasedIntegrator+%28AliasMatcher%28%2C%29%29	"Rosalind Ivan" 	"http://en.wikipedia.org/wiki/Rosalind%20Ivan" 	Rosalind Ivan	http://en.wikipedia.org/wiki/Rosalind%20Ivan			%5BAliasMatcher-Iter%3A621-2012%2F08%2F03-10%3A35%3A59-%3Ctoken%3D%3E-Freebase+7%2F9%2F2012%5D
concept:architect:wolfgang_petrick	concept:haswikipediaurl	http://en.wikipedia.org/wiki/Wolfgang%20Petrick	710	0.95	MBL-Iter%3A710-2013%2F03%2F13-12%3A17%3A37-From+ErrorBasedIntegrator+%28AliasMatcher%28%2C%29%29	"Wolfgang Petrick" 	"http://en.wikipedia.org/wiki/Wolfgang%20Petrick" 	Wolfgang Petrick	http://en.wikipedia.org/wiki/Wolfgang%20Petrick			%5BAliasMatcher-Iter%3A621-2012%2F08%2F03-10%3A35%3A59-%3Ctoken%3D%3E-Freebase+7%2F9%2F2012%5D
concept:politicianus:joan_fitz_gerald	concept:haswikipediaurl	http://en.wikipedia.org/wiki/Joan%20Fitz%2DGerald	710	0.95	MBL-Iter%3A710-2013%2F03%2F13-12%3A17%3A37-From+ErrorBasedIntegrator+%28AliasMatcher%28%2C%29%29	"Joan Fitz-Gerald" 	"http://en.wikipedia.org/wiki/Joan%20Fitz%2DGerald" 	Joan Fitz-Gerald	http://en.wikipedia.org/wiki/Joan%20Fitz%2DGerald			%5BAliasMatcher-Iter%3A621-2012%2F08%2F03-10%3A35%3A59-%3Ctoken%3D%3E-Freebase+7%2F9%2F2012%5D
concept:visualartist:casa_del_fascio	concept:haswikipediaurl	http://en.wikipedia.org/wiki/Casa%20del%20Fascio%20(Como)	710	0.95	MBL-Iter%3A710-2013%2F03%2F13-12%3A17%3A37-From+ErrorBasedIntegrator+%28AliasMatcher%28%2C%29%29	"Casa del Fascio" 	"http://en.wikipedia.org/wiki/Casa%20del%20Fascio%20(Como)" 	Casa del Fascio	http://en.wikipedia.org/wiki/Casa%20del%20Fascio%20(Como)			%5BAliasMatcher-Iter%3A621-2012%2F08%2F03-10%3A35%3A59-%3Ctoken%3D%3E-Freebase+7%2F9%2F2012%5D
concept:automobileengine:napier_sabre	concept:haswikipediaurl	http://en.wikipedia.org/wiki/Napier%20Sabre	710	0.95	MBL-Iter%3A710-2013%2F03%2F13-12%3A17%3A37-From+ErrorBasedIntegrator+%28AliasMatcher%28%2C%29%29	"Napier Sabre" 	"http://en.wikipedia.org/wiki/Napier%20Sabre" 	Napier Sabre	http://en.wikipedia.org/wiki/Napier%20Sabre			%5BAliasMatcher-Iter%3A621-2012%2F08%2F03-10%3A35%3A59-%3Ctoken%3D%3E-Freebase+7%2F9%2F2012%5D
concept:politicsblog:perspective	concept:proxyfor	concept:book:new	854	0.984375	MBL-Iter%3A854-2014%2F07%2F16-21%3A01%3A04-From+ErrorBasedIntegrator+%28CPL%28perspective%2Cnew%29%29	"Perspective" "PERSPECTIVE" "perspective" 	"New" "new" "NEW" 	Perspective	New			%5BCPL-Iter%3A670-2012%2F12%2F16-05%3A16%3A31-%3Ctoken%3Dperspective%2Cnew%3E-arg2+Year+with+a+new+arg1%094%09arg2+York+legal+arg1%091%09arg2+Zealand+market+arg1%091%09arg2+York+from+his+arg1%091%09arg2+Jersey+into+arg1%091%09arg2+York+from+their+arg1%091%5D
concept:personafrica:dead_space__downfall	concept:haswikipediaurl	http://en.wikipedia.org/wiki/Dead%20Space%3A%20Downfall	710	0.95	MBL-Iter%3A710-2013%2F03%2F13-12%3A17%3A37-From+ErrorBasedIntegrator+%28AliasMatcher%28%2C%29%29	"Dead Space: Downfall" 	"http://en.wikipedia.org/wiki/Dead%20Space%3A%20Downfall" 	Dead Space: Downfall	http://en.wikipedia.org/wiki/Dead%20Space%3A%20Downfall			%5BAliasMatcher-Iter%3A621-2012%2F08%2F03-10%3A35%3A59-%3Ctoken%3D%3E-Freebase+7%2F9%2F2012%5D
concept:mollusk:bythinella_austriaca	concept:haswikipediaurl	http://en.wikipedia.org/wiki/Bythinella%20austriaca	710	0.95	MBL-Iter%3A710-2013%2F03%2F13-12%3A17%3A37-From+ErrorBasedIntegrator+%28AliasMatcher%28%2C%29%29	"Bythinella austriaca" 	"http://en.wikipedia.org/wiki/Bythinella%20austriaca" 	Bythinella austriaca	http://en.wikipedia.org/wiki/Bythinella%20austriaca			%5BAliasMatcher-Iter%3A621-2012%2F08%2F03-10%3A35%3A59-%3Ctoken%3D%3E-Freebase+7%2F9%2F2012%5D
concept:musician:jon_deak	concept:haswikipediaurl	http://en.wikipedia.org/wiki/Jon%20Deak	710	0.95	MBL-Iter%3A710-2013%2F03%2F13-12%3A17%3A37-From+ErrorBasedIntegrator+%28AliasMatcher%28%2C%29%29	"Jon Deak" 	"http://en.wikipedia.org/wiki/Jon%20Deak" 	Jon Deak	http://en.wikipedia.org/wiki/Jon%20Deak			%5BAliasMatcher-Iter%3A621-2012%2F08%2F03-10%3A35%3A59-%3Ctoken%3D%3E-Freebase+7%2F9%2F2012%5D
concept:crustacean:diaptomus	concept:haswikipediaurl	http://en.wikipedia.org/wiki/Diaptomus	710	0.95	MBL-Iter%3A710-2013%2F03%2F13-12%3A17%3A37-From+ErrorBasedIntegrator+%28AliasMatcher%28%2C%29%29	"Diaptomus" 	"http://en.wikipedia.org/wiki/Diaptomus" 	Diaptomus	http://en.wikipedia.org/wiki/Diaptomus			%5BAliasMatcher-Iter%3A621-2012%2F08%2F03-10%3A35%3A59-%3Ctoken%3D%3E-Freebase+7%2F9%2F2012%5D
concept:hobby:sports_car_club_of_america	concept:haswikipediaurl	http://en.wikipedia.org/wiki/Sports%20Car%20Club%20of%20America	710	0.95	MBL-Iter%3A710-2013%2F03%2F13-12%3A17%3A37-From+ErrorBasedIntegrator+%28AliasMatcher%28%2C%29%29	"Sports Car Club of America" 	"http://en.wikipedia.org/wiki/Sports%20Car%20Club%20of%20America" 	Sports Car Club of America	http://en.wikipedia.org/wiki/Sports%20Car%20Club%20of%20America			%5BAliasMatcher-Iter%3A621-2012%2F08%2F03-10%3A35%3A59-%3Ctoken%3D%3E-Freebase+7%2F9%2F2012%5D
concept:astronaut:navy_mark_v	concept:haswikipediaurl	http://en.wikipedia.org/wiki/Navy%20Mark%20IV	710	0.95	MBL-Iter%3A710-2013%2F03%2F13-12%3A17%3A37-From+ErrorBasedIntegrator+%28AliasMatcher%28%2C%29%29	"navy mark v" "Navy Mark V" 	"http://en.wikipedia.org/wiki/Navy%20Mark%20IV" 	navy mark v	http://en.wikipedia.org/wiki/Navy%20Mark%20IV			%5BAliasMatcher-Iter%3A621-2012%2F08%2F03-10%3A35%3A59-%3Ctoken%3D%3E-Freebase+7%2F9%2F2012%5D
concept:person:kent_state_incident	concept:haswikipediaurl	http://en.wikipedia.org/wiki/Kent%20State%20shootings	710	0.95	MBL-Iter%3A710-2013%2F03%2F13-12%3A17%3A37-From+ErrorBasedIntegrator+%28AliasMatcher%28%2C%29%29	"Kent State Incident" 	"http://en.wikipedia.org/wiki/Kent%20State%20shootings" 	Kent State Incident	http://en.wikipedia.org/wiki/Kent%20State%20shootings			%5BAliasMatcher-Iter%3A621-2012%2F08%2F03-10%3A35%3A59-%3Ctoken%3D%3E-Freebase+7%2F9%2F2012%5D
concept:musicalbum:betty_boop_s_rise_to_fame	concept:haswikipediaurl	http://en.wikipedia.org/wiki/Betty%20Boop's%20Rise%20to%20Fame	710	0.95	MBL-Iter%3A710-2013%2F03%2F13-12%3A17%3A37-From+ErrorBasedIntegrator+%28AliasMatcher%28%2C%29%29	"Betty Boop's Rise to Fame" 	"http://en.wikipedia.org/wiki/Betty%20Boop's%20Rise%20to%20Fame" 	Betty Boop's Rise to Fame	http://en.wikipedia.org/wiki/Betty%20Boop's%20Rise%20to%20Fame			%5BAliasMatcher-Iter%3A621-2012%2F08%2F03-10%3A35%3A59-%3Ctoken%3D%3E-Freebase+7%2F9%2F2012%5D
concept:crustacean:nit	concept:agentcompeteswithagent	concept:university:unc_asheville	913	1.0	MBL-Iter%3A913-2015%2F03%2F30-09%3A29%3A18-From+ErrorBasedIntegrator+%28SEAL%28nit%2Cunc_asheville%29%2C+OE%28nit%2Cunc_asheville%29%29	"NIT" "nit" "Nit" 	"unc asheville" "UNC-Asheville" "UNC Asheville" 	NIT	unc asheville		 concept:university	%5BSEAL-Iter%3A689-2013%2F01%2F24-20%3A25%3A09-%3Ctoken%3Dnit%2Cunc_asheville%3E-From%3ARelation%3A%22agentcompeteswithagent%22-using-KB+http%3A%2F%2Fen.wikipedia.org%2Fwiki%2FList_of_NCAA_Men%27s_Division_I_Conference_Tournament_Champions%2C+OE-Iter%3A803-2014%2F01%2F13-16%3A22%3A13-%3Ctoken%3Dnit%2Cunc_asheville%3E-East+Carolina+concludes+play+in+the+2013+NIT+Season+Tip-Off+against+instate+foe+UNC+Asheville+Tuesday+afternoon+at+Thomas+M.+Ryan+Center+on+the+campus+of+the+University+of+Rhode+Island.+%09%09CAMERON+INDOOR+STADIUM%2FDURHAM%26mdash%3BGoing+into+the+opening+round+of+the+NIT+Season+Tip-Off%2C+the+No.+6+Duke+Blue+Devils+and+the+UNC+Asheville+Bulldogs+came+packed+with+a+entirely+different+set+of+concerns.+While+Duke+was+focused+on+grabbing+more+rebounds+and+encouraging+its+freshman+phenom%2C+Jabari+Parker%2C+to+willfully+roll+out+his+fourth+consecutive+20%2B+point+performance%2C+the+first+page+of+the+Asheville+game+notes+included+a+pretty+frivolous+concern%3A+%09%09Durham%2C+NC+%28SportsNetwork.com%29-+The+Duke+Blue+Devils+will+begin+regional+action+in+the+NIT+Season+Tip-Off%2C+as+they+play+host+to+the+UNC+Asheville+Bulldogs+in+the+opening-round+on+Monday+evening+at+Cameron+Indoor+Stadium.%5D
concept:televisionshow:baby_bob	concept:haswikipediaurl	http://en.wikipedia.org/wiki/Baby%20Bob	710	0.95	MBL-Iter%3A710-2013%2F03%2F13-12%3A17%3A37-From+ErrorBasedIntegrator+%28AliasMatcher%28%2C%29%29	"Baby Bob" 	"http://en.wikipedia.org/wiki/Baby%20Bob" 	Baby Bob	http://en.wikipedia.org/wiki/Baby%20Bob			%5BAliasMatcher-Iter%3A621-2012%2F08%2F03-10%3A35%3A59-%3Ctoken%3D%3E-Freebase+7%2F9%2F2012%5D
concept:person:cliff_dorfman	concept:haswikipediaurl	http://en.wikipedia.org/wiki/Cliff%20Dorfman	710	0.95	MBL-Iter%3A710-2013%2F03%2F13-12%3A17%3A37-From+ErrorBasedIntegrator+%28AliasMatcher%28%2C%29%29	"Cliff Dorfman" "cliff_dorfman" 	"http://en.wikipedia.org/wiki/Cliff%20Dorfman" 	Cliff Dorfman	http://en.wikipedia.org/wiki/Cliff%20Dorfman			%5BAliasMatcher-Iter%3A621-2012%2F08%2F03-10%3A35%3A59-%3Ctoken%3D%3E-Freebase+7%2F9%2F2012%5D
concept:mollusk:hirasea_planulata	concept:haswikipediaurl	http://en.wikipedia.org/wiki/Hirasea%20planulata	710	0.95	MBL-Iter%3A710-2013%2F03%2F13-12%3A17%3A37-From+ErrorBasedIntegrator+%28AliasMatcher%28%2C%29%29	"Hirasea planulata" 	"http://en.wikipedia.org/wiki/Hirasea%20planulata" 	Hirasea planulata	http://en.wikipedia.org/wiki/Hirasea%20planulata			%5BAliasMatcher-Iter%3A621-2012%2F08%2F03-10%3A35%3A59-%3Ctoken%3D%3E-Freebase+7%2F9%2F2012%5D
concept:astronaut:ooststellingwerf	concept:haswikipediaurl	http://en.wikipedia.org/wiki/Ooststellingwerf	710	0.95	MBL-Iter%3A710-2013%2F03%2F13-12%3A17%3A37-From+ErrorBasedIntegrator+%28AliasMatcher%28%2C%29%29	"Ooststellingwerf" 	"http://en.wikipedia.org/wiki/Ooststellingwerf" 	Ooststellingwerf	http://en.wikipedia.org/wiki/Ooststellingwerf			%5BAliasMatcher-Iter%3A621-2012%2F08%2F03-10%3A35%3A59-%3Ctoken%3D%3E-Freebase+7%2F9%2F2012%5D
concept:physicalaction:organs	concept:subpartof	concept:website:blood	983	0.9999999850988388	MBL-Iter%3A983-2016%2F03%2F11-12%3A47%3A25-From+ErrorBasedIntegrator+%28CPL%28organs%2Cblood%29%29	"organs" "Organs" 	"blood" "Blood" "BLOOD" 	organs	blood			%5BCPL-Iter%3A977-2016%2F02%2F10-02%3A06%3A29-%3Ctoken%3Dorgans%2Cblood%3E-arg2+clots+in+major+arg1%092%09arg2+flow+to+the+vital+arg1%0942%09arg2+vessels+throughout+arg1%091%09arg2+flow+to+vital+arg1%09208%09arg2+from+your+heart+to+your+arg1%091%09arg2+flow+to+major+arg1%0924%09arg2+filtration+arg1%091%09arg2+flow+to+the+affected+arg1%091%09arg2+vessels+in+other+arg1%098%09arg2+flow+to+the+pelvic+arg1%0916%09arg2+flow+to+critical+arg1%0929%09arg2+flow+to+the+sexual+arg1%0972%09arg2+rush+to+your+arg1%091%09arg2+from+the+heart+to+other+arg1%096%09arg2+away+from+the+heart+to+arg1%093%09arg1+with+oxygenated+arg2%096%09arg2+flow+to+the+genital+arg1%0921%09arg2+vessels+supplying+blood+to+arg1%091%09arg2+flow+to+the+reproductive+arg1%0986%09arg2+vessels+in+your+arg1%093%09arg2+circulation+throughout+arg1%091%09arg2+supply+to+vital+arg1%0969%09arg2+vessels+in+our+arg1%091%09arg2+vessels+and+internal+arg1%09103%09arg2+flow+to+the+heart+and+arg1%091%5D
concept:mountain:richard_bass	concept:haswikipediaurl	http://en.wikipedia.org/wiki/Richard%20Bass	710	0.95	MBL-Iter%3A710-2013%2F03%2F13-12%3A17%3A37-From+ErrorBasedIntegrator+%28AliasMatcher%28%2C%29%29	"Richard Bass" 	"http://en.wikipedia.org/wiki/Richard%20Bass" 	Richard Bass	http://en.wikipedia.org/wiki/Richard%20Bass			%5BAliasMatcher-Iter%3A621-2012%2F08%2F03-10%3A35%3A59-%3Ctoken%3D%3E-Freebase+7%2F9%2F2012%5D
concept:militaryconflict:confederate_states_navy	concept:haswikipediaurl	http://en.wikipedia.org/wiki/Confederate%20States%20Navy	710	0.95	MBL-Iter%3A710-2013%2F03%2F13-12%3A17%3A37-From+ErrorBasedIntegrator+%28AliasMatcher%28%2C%29%29	"confederate-states-navy" "Confederate States Navy" 	"http://en.wikipedia.org/wiki/Confederate%20States%20Navy" 	confederate-states-navy	http://en.wikipedia.org/wiki/Confederate%20States%20Navy			%5BAliasMatcher-Iter%3A621-2012%2F08%2F03-10%3A35%3A59-%3Ctoken%3D%3E-Freebase+7%2F9%2F2012%5D
concept:politicianus:william_hohri	concept:haswikipediaurl	http://en.wikipedia.org/wiki/William%20Hohri	710	0.95	MBL-Iter%3A710-2013%2F03%2F13-12%3A17%3A37-From+ErrorBasedIntegrator+%28AliasMatcher%28%2C%29%29	"William Hohri" 	"http://en.wikipedia.org/wiki/William%20Hohri" 	William Hohri	http://en.wikipedia.org/wiki/William%20Hohri			%5BAliasMatcher-Iter%3A621-2012%2F08%2F03-10%3A35%3A59-%3Ctoken%3D%3E-Freebase+7%2F9%2F2012%5D
concept:person:alan_warwick_palmer	concept:haswikipediaurl	http://en.wikipedia.org/wiki/Alan%20Palmer	710	0.95	MBL-Iter%3A710-2013%2F03%2F13-12%3A17%3A37-From+ErrorBasedIntegrator+%28AliasMatcher%28%2C%29%29	"Alan Warwick Palmer" 	"http://en.wikipedia.org/wiki/Alan%20Palmer" 	Alan Warwick Palmer	http://en.wikipedia.org/wiki/Alan%20Palmer			%5BAliasMatcher-Iter%3A621-2012%2F08%2F03-10%3A35%3A59-%3Ctoken%3D%3E-Freebase+7%2F9%2F2012%5D
concept:sportsteam:ohio_state_buckeyes_men_s_basketball	concept:haswikipediaurl	http://en.wikipedia.org/wiki/Ohio%20State%20Buckeyes%20men's%20basketball	710	0.95	MBL-Iter%3A710-2013%2F03%2F13-12%3A17%3A37-From+ErrorBasedIntegrator+%28AliasMatcher%28%2C%29%29	"Ohio State Buckeyes men's basketball" 	"http://en.wikipedia.org/wiki/Ohio%20State%20Buckeyes%20men's%20basketball" 	Ohio State Buckeyes men's basketball	http://en.wikipedia.org/wiki/Ohio%20State%20Buckeyes%20men's%20basketball			%5BAliasMatcher-Iter%3A621-2012%2F08%2F03-10%3A35%3A59-%3Ctoken%3D%3E-Freebase+7%2F9%2F2012%5D
concept:city:wachapreague	concept:haswikipediaurl	http://en.wikipedia.org/wiki/Wachapreague,%20Virginia	710	0.95	MBL-Iter%3A710-2013%2F03%2F13-12%3A17%3A37-From+ErrorBasedIntegrator+%28AliasMatcher%28%2C%29%29	"wachapreague" "Wachapreague" 	"http://en.wikipedia.org/wiki/Wachapreague,%20Virginia" 	wachapreague	http://en.wikipedia.org/wiki/Wachapreague,%20Virginia			%5BAliasMatcher-Iter%3A621-2012%2F08%2F03-10%3A35%3A59-%3Ctoken%3D%3E-Freebase+7%2F9%2F2012%5D
concept:drug:u_s__food_and_drug_administration	concept:atdate	concept:date:n2004	827	0.9375	MBL-Iter%3A827-2014%2F04%2F02-06%3A07%3A15-From+ErrorBasedIntegrator+%28CPL%28u_s__food_and_drug_administration%2Cn2004%29%29	"u.s. food and drug administration" "U.S. Food and Drug Administration" 	"2004" 	u.s. food and drug administration	2004		 concept:date	%5BCPL-Iter%3A691-2013%2F01%2F29-22%3A55%3A56-%3Ctoken%3Du_s__food_and_drug_administration%2Cn2004%3E-arg1+in+February+arg2%091%09arg1+in+September+arg2%091%09arg1+in+June+arg2%091%09arg1+in+December+arg2%092%5D
concept:crustacean:peregrino	concept:haswikipediaurl	http://en.wikipedia.org/wiki/Peregrino	710	0.95	MBL-Iter%3A710-2013%2F03%2F13-12%3A17%3A37-From+ErrorBasedIntegrator+%28AliasMatcher%28%2C%29%29	"Peregrino" 	"http://en.wikipedia.org/wiki/Peregrino" 	Peregrino	http://en.wikipedia.org/wiki/Peregrino			%5BAliasMatcher-Iter%3A621-2012%2F08%2F03-10%3A35%3A59-%3Ctoken%3D%3E-Freebase+7%2F9%2F2012%5D
concept:disease:psychogenic_pruritus	concept:haswikipediaurl	http://en.wikipedia.org/wiki/Psychogenic%20pruritus	710	0.95	MBL-Iter%3A710-2013%2F03%2F13-12%3A17%3A37-From+ErrorBasedIntegrator+%28AliasMatcher%28%2C%29%29	"Psychogenic pruritus" 	"http://en.wikipedia.org/wiki/Psychogenic%20pruritus" 	Psychogenic pruritus	http://en.wikipedia.org/wiki/Psychogenic%20pruritus			%5BAliasMatcher-Iter%3A621-2012%2F08%2F03-10%3A35%3A59-%3Ctoken%3D%3E-Freebase+7%2F9%2F2012%5D
concept:personnorthamerica:mike_gatting	concept:haswikipediaurl	http://en.wikipedia.org/wiki/Mike%20Gatting	710	0.95	MBL-Iter%3A710-2013%2F03%2F13-12%3A17%3A37-From+ErrorBasedIntegrator+%28AliasMatcher%28%2C%29%29	"Mike Gatting" 	"http://en.wikipedia.org/wiki/Mike%20Gatting" 	Mike Gatting	http://en.wikipedia.org/wiki/Mike%20Gatting			%5BAliasMatcher-Iter%3A621-2012%2F08%2F03-10%3A35%3A59-%3Ctoken%3D%3E-Freebase+7%2F9%2F2012%5D
concept:skiarea:stanzach	concept:haswikipediaurl	http://en.wikipedia.org/wiki/Stanzach	710	0.95	MBL-Iter%3A710-2013%2F03%2F13-12%3A17%3A37-From+ErrorBasedIntegrator+%28AliasMatcher%28%2C%29%29	"Stanzach" 	"http://en.wikipedia.org/wiki/Stanzach" 	Stanzach	http://en.wikipedia.org/wiki/Stanzach			%5BAliasMatcher-Iter%3A621-2012%2F08%2F03-10%3A35%3A59-%3Ctoken%3D%3E-Freebase+7%2F9%2F2012%5D
concept:militaryconflict:five_days_of_milan	concept:haswikipediaurl	http://en.wikipedia.org/wiki/Five%20Days%20of%20Milan	710	0.95	MBL-Iter%3A710-2013%2F03%2F13-12%3A17%3A37-From+ErrorBasedIntegrator+%28AliasMatcher%28%2C%29%29	"Five Days of Milan" 	"http://en.wikipedia.org/wiki/Five%20Days%20of%20Milan" 	Five Days of Milan	http://en.wikipedia.org/wiki/Five%20Days%20of%20Milan			%5BAliasMatcher-Iter%3A621-2012%2F08%2F03-10%3A35%3A59-%3Ctoken%3D%3E-Freebase+7%2F9%2F2012%5D
concept:writer:colin_mcnaughton	concept:haswikipediaurl	http://en.wikipedia.org/wiki/Colin%20McNaughton	710	0.95	MBL-Iter%3A710-2013%2F03%2F13-12%3A17%3A37-From+ErrorBasedIntegrator+%28AliasMatcher%28%2C%29%29	"Colin McNaughton" 	"http://en.wikipedia.org/wiki/Colin%20McNaughton" 	Colin McNaughton	http://en.wikipedia.org/wiki/Colin%20McNaughton			%5BAliasMatcher-Iter%3A621-2012%2F08%2F03-10%3A35%3A59-%3Ctoken%3D%3E-Freebase+7%2F9%2F2012%5D
concept:plant:ocimum	concept:haswikipediaurl	http://en.wikipedia.org/wiki/Ocimum	710	0.95	MBL-Iter%3A710-2013%2F03%2F13-12%3A17%3A37-From+ErrorBasedIntegrator+%28AliasMatcher%28%2C%29%29	"Ocimum" 	"http://en.wikipedia.org/wiki/Ocimum" 	Ocimum	http://en.wikipedia.org/wiki/Ocimum			%5BAliasMatcher-Iter%3A621-2012%2F08%2F03-10%3A35%3A59-%3Ctoken%3D%3E-Freebase+7%2F9%2F2012%5D
concept:politicsblog:the_new_teacher_project	concept:haswikipediaurl	http://en.wikipedia.org/wiki/The%20New%20Teacher%20Project	710	0.95	MBL-Iter%3A710-2013%2F03%2F13-12%3A17%3A37-From+ErrorBasedIntegrator+%28AliasMatcher%28%2C%29%29	"The New Teacher Project" 	"http://en.wikipedia.org/wiki/The%20New%20Teacher%20Project" 	The New Teacher Project	http://en.wikipedia.org/wiki/The%20New%20Teacher%20Project			%5BAliasMatcher-Iter%3A621-2012%2F08%2F03-10%3A35%3A59-%3Ctoken%3D%3E-Freebase+7%2F9%2F2012%5D
concept:visualartist:carl_holty	concept:haswikipediaurl	http://en.wikipedia.org/wiki/Carl%20Holty	710	0.95	MBL-Iter%3A710-2013%2F03%2F13-12%3A17%3A37-From+ErrorBasedIntegrator+%28AliasMatcher%28%2C%29%29	"Carl Holty" 	"http://en.wikipedia.org/wiki/Carl%20Holty" 	Carl Holty	http://en.wikipedia.org/wiki/Carl%20Holty			%5BAliasMatcher-Iter%3A621-2012%2F08%2F03-10%3A35%3A59-%3Ctoken%3D%3E-Freebase+7%2F9%2F2012%5D
concept:personaustralia:billy_bodin	concept:haswikipediaurl	http://en.wikipedia.org/wiki/Billy%20Bodin	710	0.95	MBL-Iter%3A710-2013%2F03%2F13-12%3A17%3A37-From+ErrorBasedIntegrator+%28AliasMatcher%28%2C%29%29	"Billy Bodin" 	"http://en.wikipedia.org/wiki/Billy%20Bodin" 	Billy Bodin	http://en.wikipedia.org/wiki/Billy%20Bodin			%5BAliasMatcher-Iter%3A621-2012%2F08%2F03-10%3A35%3A59-%3Ctoken%3D%3E-Freebase+7%2F9%2F2012%5D
concept:visualartist:maxime_dethomas	concept:haswikipediaurl	http://en.wikipedia.org/wiki/Maxime%20Dethomas	710	0.95	MBL-Iter%3A710-2013%2F03%2F13-12%3A17%3A37-From+ErrorBasedIntegrator+%28AliasMatcher%28%2C%29%29	"Maxime Dethomas" 	"http://en.wikipedia.org/wiki/Maxime%20Dethomas" 	Maxime Dethomas	http://en.wikipedia.org/wiki/Maxime%20Dethomas			%5BAliasMatcher-Iter%3A621-2012%2F08%2F03-10%3A35%3A59-%3Ctoken%3D%3E-Freebase+7%2F9%2F2012%5D
concept:sportsevent:piet_rooijakkers	concept:haswikipediaurl	http://en.wikipedia.org/wiki/Piet%20Rooijakkers	710	0.95	MBL-Iter%3A710-2013%2F03%2F13-12%3A17%3A37-From+ErrorBasedIntegrator+%28AliasMatcher%28%2C%29%29	"Piet Rooijakkers" 	"http://en.wikipedia.org/wiki/Piet%20Rooijakkers" 	Piet Rooijakkers	http://en.wikipedia.org/wiki/Piet%20Rooijakkers			%5BAliasMatcher-Iter%3A621-2012%2F08%2F03-10%3A35%3A59-%3Ctoken%3D%3E-Freebase+7%2F9%2F2012%5D
concept:mollusk:cardita	concept:haswikipediaurl	http://en.wikipedia.org/wiki/Cardita	710	0.95	MBL-Iter%3A710-2013%2F03%2F13-12%3A17%3A37-From+ErrorBasedIntegrator+%28AliasMatcher%28%2C%29%29	"Cardita" 	"http://en.wikipedia.org/wiki/Cardita" 	Cardita	http://en.wikipedia.org/wiki/Cardita			%5BAliasMatcher-Iter%3A621-2012%2F08%2F03-10%3A35%3A59-%3Ctoken%3D%3E-Freebase+7%2F9%2F2012%5D
concept:language:somali_phonology	concept:haswikipediaurl	http://en.wikipedia.org/wiki/Somali%20phonology	710	0.95	MBL-Iter%3A710-2013%2F03%2F13-12%3A17%3A37-From+ErrorBasedIntegrator+%28AliasMatcher%28%2C%29%29	"Somali phonology" 	"http://en.wikipedia.org/wiki/Somali%20phonology" 	Somali phonology	http://en.wikipedia.org/wiki/Somali%20phonology			%5BAliasMatcher-Iter%3A621-2012%2F08%2F03-10%3A35%3A59-%3Ctoken%3D%3E-Freebase+7%2F9%2F2012%5D
concept:bacteria:archonias_brassolis	concept:haswikipediaurl	http://en.wikipedia.org/wiki/Archonias%20brassolis	710	0.95	MBL-Iter%3A710-2013%2F03%2F13-12%3A17%3A37-From+ErrorBasedIntegrator+%28AliasMatcher%28%2C%29%29	"Archonias brassolis" 	"http://en.wikipedia.org/wiki/Archonias%20brassolis" 	Archonias brassolis	http://en.wikipedia.org/wiki/Archonias%20brassolis			%5BAliasMatcher-Iter%3A621-2012%2F08%2F03-10%3A35%3A59-%3Ctoken%3D%3E-Freebase+7%2F9%2F2012%5D
concept:mollusk:bulimulus_amastroides	concept:haswikipediaurl	http://en.wikipedia.org/wiki/Bulimulus%20amastroides	710	0.95	MBL-Iter%3A710-2013%2F03%2F13-12%3A17%3A37-From+ErrorBasedIntegrator+%28AliasMatcher%28%2C%29%29	"Bulimulus amastroides" 	"http://en.wikipedia.org/wiki/Bulimulus%20amastroides" 	Bulimulus amastroides	http://en.wikipedia.org/wiki/Bulimulus%20amastroides			%5BAliasMatcher-Iter%3A621-2012%2F08%2F03-10%3A35%3A59-%3Ctoken%3D%3E-Freebase+7%2F9%2F2012%5D
concept:personasia:yokoyama_yu	concept:haswikipediaurl	http://en.wikipedia.org/wiki/You%20Yokoyama	710	0.95	MBL-Iter%3A710-2013%2F03%2F13-12%3A17%3A37-From+ErrorBasedIntegrator+%28AliasMatcher%28%2C%29%29	"Yokoyama Yu" 	"http://en.wikipedia.org/wiki/You%20Yokoyama" 	Yokoyama Yu	http://en.wikipedia.org/wiki/You%20Yokoyama			%5BAliasMatcher-Iter%3A621-2012%2F08%2F03-10%3A35%3A59-%3Ctoken%3D%3E-Freebase+7%2F9%2F2012%5D
concept:retailstore:quik_stop	concept:haswikipediaurl	http://en.wikipedia.org/wiki/Loaf%20'N%20Jug	710	0.95	MBL-Iter%3A710-2013%2F03%2F13-12%3A17%3A37-From+ErrorBasedIntegrator+%28AliasMatcher%28%2C%29%29	"Quik Stop" 	"http://en.wikipedia.org/wiki/Loaf%20'N%20Jug" 	Quik Stop	http://en.wikipedia.org/wiki/Loaf%20'N%20Jug			%5BAliasMatcher-Iter%3A621-2012%2F08%2F03-10%3A35%3A59-%3Ctoken%3D%3E-Freebase+7%2F9%2F2012%5D
concept:athlete:orlovsky	concept:latitudelongitude	49.1166700000000,18.4333300000000	995	1.0	MBL-Iter%3A995-2016%2F05%2F20-21%3A37%3A48-From+ErrorBasedIntegrator+%28LatLong%28orlovsky%2C49.1166700000000%2C18.4333300000000%29%29	"Orlovsky" 	"49.1166700000000,18.4333300000000" 	Orlovsky	49.1166700000000,18.4333300000000			%5BLatLong-Iter%3A286-2011%2F06%2F04-22%3A58%3A51-%3Ctoken%3Dorlovsky%2C49.1166700000000%2C18.4333300000000%3E-orlovsky+dvor%4049.117%2C18.433%5D
concept:model:liz_tilberis	concept:haswikipediaurl	http://en.wikipedia.org/wiki/Liz%20Tilberis	710	0.95	MBL-Iter%3A710-2013%2F03%2F13-12%3A17%3A37-From+ErrorBasedIntegrator+%28AliasMatcher%28%2C%29%29	"Liz Tilberis" 	"http://en.wikipedia.org/wiki/Liz%20Tilberis" 	Liz Tilberis	http://en.wikipedia.org/wiki/Liz%20Tilberis			%5BAliasMatcher-Iter%3A621-2012%2F08%2F03-10%3A35%3A59-%3Ctoken%3D%3E-Freebase+7%2F9%2F2012%5D
concept:personus:julian_abele_cook	concept:haswikipediaurl	http://en.wikipedia.org/wiki/Julian%20Abele%20Cook%20Jr%2E	710	0.95	MBL-Iter%3A710-2013%2F03%2F13-12%3A17%3A37-From+ErrorBasedIntegrator+%28AliasMatcher%28%2C%29%29	"Julian Abele Cook" 	"http://en.wikipedia.org/wiki/Julian%20Abele%20Cook%20Jr%2E" 	Julian Abele Cook	http://en.wikipedia.org/wiki/Julian%20Abele%20Cook%20Jr%2E			%5BAliasMatcher-Iter%3A621-2012%2F08%2F03-10%3A35%3A59-%3Ctoken%3D%3E-Freebase+7%2F9%2F2012%5D
concept:skyscraper:admiralty_of_rotterdam	concept:haswikipediaurl	http://en.wikipedia.org/wiki/Admiralty%20of%20Rotterdam	710	0.95	MBL-Iter%3A710-2013%2F03%2F13-12%3A17%3A37-From+ErrorBasedIntegrator+%28AliasMatcher%28%2C%29%29	"Admiralty of Rotterdam" 	"http://en.wikipedia.org/wiki/Admiralty%20of%20Rotterdam" 	Admiralty of Rotterdam	http://en.wikipedia.org/wiki/Admiralty%20of%20Rotterdam			%5BAliasMatcher-Iter%3A621-2012%2F08%2F03-10%3A35%3A59-%3Ctoken%3D%3E-Freebase+7%2F9%2F2012%5D
concept:book:the_chinese_gold_murders	concept:haswikipediaurl	http://en.wikipedia.org/wiki/The%20Chinese%20Gold%20Murders	710	0.95	MBL-Iter%3A710-2013%2F03%2F13-12%3A17%3A37-From+ErrorBasedIntegrator+%28AliasMatcher%28%2C%29%29	"The Chinese Gold Murders" 	"http://en.wikipedia.org/wiki/The%20Chinese%20Gold%20Murders" 	The Chinese Gold Murders	http://en.wikipedia.org/wiki/The%20Chinese%20Gold%20Murders			%5BAliasMatcher-Iter%3A621-2012%2F08%2F03-10%3A35%3A59-%3Ctoken%3D%3E-Freebase+7%2F9%2F2012%5D
concept:governmentorganization:consumer	concept:agentparticipatedinevent	concept:eventoutcome:result	736	0.99609375	MBL-Iter%3A736-2013%2F06%2F02-02%3A02%3A06-From+ErrorBasedIntegrator+%28CPL%28consumer%2Cresult%29%29	"Consumer" "consumer" 	"result" "Result" 	Consumer	result			%5BCPL-Iter%3A664-2012%2F11%2F30-10%3A27%3A25-%3Ctoken%3Dconsumer%2Cresult%3E-arg1+is+harmed+as+arg2%091%09arg1+who+became+ill+as+arg2%091%09arg1+is+injured+as+arg2%091%09arg1+who+is+injured+as+arg2%094%09arg1+harmed+as+arg2%091%09arg1+suffering+as+arg2%092%09arg1+arising+as+arg2%091%09arg1+injured+as+arg2%091%5D
concept:ethnicgroup:iduna	concept:haswikipediaurl	http://en.wikipedia.org/wiki/Iduna%20(literature%20society)	710	0.95	MBL-Iter%3A710-2013%2F03%2F13-12%3A17%3A37-From+ErrorBasedIntegrator+%28AliasMatcher%28%2C%29%29	"Iduna" 	"http://en.wikipedia.org/wiki/Iduna%20(literature%20society)" 	Iduna	http://en.wikipedia.org/wiki/Iduna%20(literature%20society)			%5BAliasMatcher-Iter%3A621-2012%2F08%2F03-10%3A35%3A59-%3Ctoken%3D%3E-Freebase+7%2F9%2F2012%5D
concept:musicalbum:clutching_at_straws	concept:haswikipediaurl	http://en.wikipedia.org/wiki/Clutching%20at%20Straws	710	0.95	MBL-Iter%3A710-2013%2F03%2F13-12%3A17%3A37-From+ErrorBasedIntegrator+%28AliasMatcher%28%2C%29%29	"Clutching at Straws" 	"http://en.wikipedia.org/wiki/Clutching%20at%20Straws" 	Clutching at Straws	http://en.wikipedia.org/wiki/Clutching%20at%20Straws			%5BAliasMatcher-Iter%3A621-2012%2F08%2F03-10%3A35%3A59-%3Ctoken%3D%3E-Freebase+7%2F9%2F2012%5D
concept:athlete:roland_de_la_maza	concept:haswikipediaurl	http://en.wikipedia.org/wiki/Roland%20de%20la%20Maza	710	0.95	MBL-Iter%3A710-2013%2F03%2F13-12%3A17%3A37-From+ErrorBasedIntegrator+%28AliasMatcher%28%2C%29%29	"Roland de la Maza" "roland de la maza" 	"http://en.wikipedia.org/wiki/Roland%20de%20la%20Maza" 	Roland de la Maza	http://en.wikipedia.org/wiki/Roland%20de%20la%20Maza			%5BAliasMatcher-Iter%3A621-2012%2F08%2F03-10%3A35%3A59-%3Ctoken%3D%3E-Freebase+7%2F9%2F2012%5D
concept:model:dj_chuckie	concept:haswikipediaurl	http://en.wikipedia.org/wiki/Chuckie%20(DJ)	710	0.95	MBL-Iter%3A710-2013%2F03%2F13-12%3A17%3A37-From+ErrorBasedIntegrator+%28AliasMatcher%28%2C%29%29	"DJ Chuckie" 	"http://en.wikipedia.org/wiki/Chuckie%20(DJ)" 	DJ Chuckie	http://en.wikipedia.org/wiki/Chuckie%20(DJ)			%5BAliasMatcher-Iter%3A621-2012%2F08%2F03-10%3A35%3A59-%3Ctoken%3D%3E-Freebase+7%2F9%2F2012%5D
concept:personcanada:sofie_grabol	concept:haswikipediaurl	http://en.wikipedia.org/wiki/Sofie%20Gr%C3%A5b%C3%B8l	710	0.95	MBL-Iter%3A710-2013%2F03%2F13-12%3A17%3A37-From+ErrorBasedIntegrator+%28AliasMatcher%28%2C%29%29	"Sofie Grabol" 	"http://en.wikipedia.org/wiki/Sofie%20Gr%C3%A5b%C3%B8l" 	Sofie Grabol	http://en.wikipedia.org/wiki/Sofie%20Gr%C3%A5b%C3%B8l			%5BAliasMatcher-Iter%3A621-2012%2F08%2F03-10%3A35%3A59-%3Ctoken%3D%3E-Freebase+7%2F9%2F2012%5D
concept:bridge:cigarette_pack	concept:haswikipediaurl	http://en.wikipedia.org/wiki/Cigarette%20pack	710	0.95	MBL-Iter%3A710-2013%2F03%2F13-12%3A17%3A37-From+ErrorBasedIntegrator+%28AliasMatcher%28%2C%29%29	"Cigarette pack" 	"http://en.wikipedia.org/wiki/Cigarette%20pack" 	Cigarette pack	http://en.wikipedia.org/wiki/Cigarette%20pack			%5BAliasMatcher-Iter%3A621-2012%2F08%2F03-10%3A35%3A59-%3Ctoken%3D%3E-Freebase+7%2F9%2F2012%5D
concept:attraction:locarno_ballroom	concept:haswikipediaurl	http://en.wikipedia.org/wiki/Mecca%20Leisure%20Group	710	0.95	MBL-Iter%3A710-2013%2F03%2F13-12%3A17%3A37-From+ErrorBasedIntegrator+%28AliasMatcher%28%2C%29%29	"Locarno Ballroom" 	"http://en.wikipedia.org/wiki/Mecca%20Leisure%20Group" 	Locarno Ballroom	http://en.wikipedia.org/wiki/Mecca%20Leisure%20Group			%5BAliasMatcher-Iter%3A621-2012%2F08%2F03-10%3A35%3A59-%3Ctoken%3D%3E-Freebase+7%2F9%2F2012%5D
concept:ceo:john_backhouse	concept:haswikipediaurl	http://en.wikipedia.org/wiki/John%20Backhouse	710	0.95	MBL-Iter%3A710-2013%2F03%2F13-12%3A17%3A37-From+ErrorBasedIntegrator+%28AliasMatcher%28%2C%29%29	"John Backhouse" 	"http://en.wikipedia.org/wiki/John%20Backhouse" 	John Backhouse	http://en.wikipedia.org/wiki/John%20Backhouse			%5BAliasMatcher-Iter%3A621-2012%2F08%2F03-10%3A35%3A59-%3Ctoken%3D%3E-Freebase+7%2F9%2F2012%5D
concept:city:camposampiero	concept:haswikipediaurl	http://en.wikipedia.org/wiki/Camposampiero	710	0.95	MBL-Iter%3A710-2013%2F03%2F13-12%3A17%3A37-From+ErrorBasedIntegrator+%28AliasMatcher%28%2C%29%29	"Camposampiero" 	"http://en.wikipedia.org/wiki/Camposampiero" 	Camposampiero	http://en.wikipedia.org/wiki/Camposampiero			%5BAliasMatcher-Iter%3A621-2012%2F08%2F03-10%3A35%3A59-%3Ctoken%3D%3E-Freebase+7%2F9%2F2012%5D
concept:county:ira_township	concept:haswikipediaurl	http://en.wikipedia.org/wiki/Ira%20Township,%20Michigan	710	0.95	MBL-Iter%3A710-2013%2F03%2F13-12%3A17%3A37-From+ErrorBasedIntegrator+%28AliasMatcher%28%2C%29%29	"Ira Township" 	"http://en.wikipedia.org/wiki/Ira%20Township,%20Michigan" 	Ira Township	http://en.wikipedia.org/wiki/Ira%20Township,%20Michigan			%5BAliasMatcher-Iter%3A621-2012%2F08%2F03-10%3A35%3A59-%3Ctoken%3D%3E-Freebase+7%2F9%2F2012%5D
concept:software:dark_horizon	concept:haswikipediaurl	http://en.wikipedia.org/wiki/Dark%20Horizon	710	0.95	MBL-Iter%3A710-2013%2F03%2F13-12%3A17%3A37-From+ErrorBasedIntegrator+%28AliasMatcher%28%2C%29%29	"Dark Horizon" 	"http://en.wikipedia.org/wiki/Dark%20Horizon" 	Dark Horizon	http://en.wikipedia.org/wiki/Dark%20Horizon			%5BAliasMatcher-Iter%3A621-2012%2F08%2F03-10%3A35%3A59-%3Ctoken%3D%3E-Freebase+7%2F9%2F2012%5D
concept:chef:trevor_n__dupuy	concept:haswikipediaurl	http://en.wikipedia.org/wiki/Trevor%20N%2E%20Dupuy	710	0.95	MBL-Iter%3A710-2013%2F03%2F13-12%3A17%3A37-From+ErrorBasedIntegrator+%28AliasMatcher%28%2C%29%29	"Trevor N. Dupuy" 	"http://en.wikipedia.org/wiki/Trevor%20N%2E%20Dupuy" 	Trevor N. Dupuy	http://en.wikipedia.org/wiki/Trevor%20N%2E%20Dupuy			%5BAliasMatcher-Iter%3A621-2012%2F08%2F03-10%3A35%3A59-%3Ctoken%3D%3E-Freebase+7%2F9%2F2012%5D
concept:bridge:kaminoyama_castle	concept:haswikipediaurl	http://en.wikipedia.org/wiki/Kaminoyama%20Castle	710	0.95	MBL-Iter%3A710-2013%2F03%2F13-12%3A17%3A37-From+ErrorBasedIntegrator+%28AliasMatcher%28%2C%29%29	"Kaminoyama Castle" 	"http://en.wikipedia.org/wiki/Kaminoyama%20Castle" 	Kaminoyama Castle	http://en.wikipedia.org/wiki/Kaminoyama%20Castle			%5BAliasMatcher-Iter%3A621-2012%2F08%2F03-10%3A35%3A59-%3Ctoken%3D%3E-Freebase+7%2F9%2F2012%5D
concept:professor:chieko_n__okazaki	concept:haswikipediaurl	http://en.wikipedia.org/wiki/Chieko%20N%2E%20Okazaki	710	0.95	MBL-Iter%3A710-2013%2F03%2F13-12%3A17%3A37-From+ErrorBasedIntegrator+%28AliasMatcher%28%2C%29%29	"Chieko N. Okazaki" 	"http://en.wikipedia.org/wiki/Chieko%20N%2E%20Okazaki" 	Chieko N. Okazaki	http://en.wikipedia.org/wiki/Chieko%20N%2E%20Okazaki			%5BAliasMatcher-Iter%3A621-2012%2F08%2F03-10%3A35%3A59-%3Ctoken%3D%3E-Freebase+7%2F9%2F2012%5D
concept:reptile:turtle_wax	concept:haswikipediaurl	http://en.wikipedia.org/wiki/Turtle%20Wax	710	0.95	MBL-Iter%3A710-2013%2F03%2F13-12%3A17%3A37-From+ErrorBasedIntegrator+%28AliasMatcher%28%2C%29%29	"Turtle Wax" 	"http://en.wikipedia.org/wiki/Turtle%20Wax" 	Turtle Wax	http://en.wikipedia.org/wiki/Turtle%20Wax			%5BAliasMatcher-Iter%3A621-2012%2F08%2F03-10%3A35%3A59-%3Ctoken%3D%3E-Freebase+7%2F9%2F2012%5D
concept:crustacean:thor_amboinensis	concept:haswikipediaurl	http://en.wikipedia.org/wiki/Thor%20amboinensis	710	0.95	MBL-Iter%3A710-2013%2F03%2F13-12%3A17%3A37-From+ErrorBasedIntegrator+%28AliasMatcher%28%2C%29%29	"Thor amboinensis" 	"http://en.wikipedia.org/wiki/Thor%20amboinensis" 	Thor amboinensis	http://en.wikipedia.org/wiki/Thor%20amboinensis			%5BAliasMatcher-Iter%3A621-2012%2F08%2F03-10%3A35%3A59-%3Ctoken%3D%3E-Freebase+7%2F9%2F2012%5D
concept:musicartist:twin_atlantic	concept:haswikipediaurl	http://en.wikipedia.org/wiki/Twin%20Atlantic	710	0.95	MBL-Iter%3A710-2013%2F03%2F13-12%3A17%3A37-From+ErrorBasedIntegrator+%28AliasMatcher%28%2C%29%29	"Twin Atlantic" 	"http://en.wikipedia.org/wiki/Twin%20Atlantic" 	Twin Atlantic	http://en.wikipedia.org/wiki/Twin%20Atlantic			%5BAliasMatcher-Iter%3A621-2012%2F08%2F03-10%3A35%3A59-%3Ctoken%3D%3E-Freebase+7%2F9%2F2012%5D
concept:militaryconflict:geraint_son_of_erbin	concept:haswikipediaurl	http://en.wikipedia.org/wiki/Geraint%20son%20of%20Erbin	710	0.95	MBL-Iter%3A710-2013%2F03%2F13-12%3A17%3A37-From+ErrorBasedIntegrator+%28AliasMatcher%28%2C%29%29	"Geraint son of Erbin" 	"http://en.wikipedia.org/wiki/Geraint%20son%20of%20Erbin" 	Geraint son of Erbin	http://en.wikipedia.org/wiki/Geraint%20son%20of%20Erbin			%5BAliasMatcher-Iter%3A621-2012%2F08%2F03-10%3A35%3A59-%3Ctoken%3D%3E-Freebase+7%2F9%2F2012%5D
concept:aquarium:cretaquarium	concept:haswikipediaurl	http://en.wikipedia.org/wiki/Cretaquarium	710	0.95	MBL-Iter%3A710-2013%2F03%2F13-12%3A17%3A37-From+ErrorBasedIntegrator+%28AliasMatcher%28%2C%29%29	"cretaquarium" "Cretaquarium" 	"http://en.wikipedia.org/wiki/Cretaquarium" 	cretaquarium	http://en.wikipedia.org/wiki/Cretaquarium			%5BAliasMatcher-Iter%3A621-2012%2F08%2F03-10%3A35%3A59-%3Ctoken%3D%3E-Freebase+7%2F9%2F2012%5D
concept:software:simon_the_sorcerer_3d	concept:haswikipediaurl	http://en.wikipedia.org/wiki/Simon%20the%20Sorcerer%203D	710	0.95	MBL-Iter%3A710-2013%2F03%2F13-12%3A17%3A37-From+ErrorBasedIntegrator+%28AliasMatcher%28%2C%29%29	"Simon the Sorcerer 3D" 	"http://en.wikipedia.org/wiki/Simon%20the%20Sorcerer%203D" 	Simon the Sorcerer 3D	http://en.wikipedia.org/wiki/Simon%20the%20Sorcerer%203D			%5BAliasMatcher-Iter%3A621-2012%2F08%2F03-10%3A35%3A59-%3Ctoken%3D%3E-Freebase+7%2F9%2F2012%5D
concept:athlete:darryl_grant	concept:haswikipediaurl	http://en.wikipedia.org/wiki/Darryl%20Grant	710	0.95	MBL-Iter%3A710-2013%2F03%2F13-12%3A17%3A37-From+ErrorBasedIntegrator+%28AliasMatcher%28%2C%29%29	"Darryl Grant" 	"http://en.wikipedia.org/wiki/Darryl%20Grant" 	Darryl Grant	http://en.wikipedia.org/wiki/Darryl%20Grant			%5BAliasMatcher-Iter%3A621-2012%2F08%2F03-10%3A35%3A59-%3Ctoken%3D%3E-Freebase+7%2F9%2F2012%5D
concept:cheese:giovanni_colombo	concept:haswikipediaurl	http://en.wikipedia.org/wiki/Giovanni%20Colombo	710	0.95	MBL-Iter%3A710-2013%2F03%2F13-12%3A17%3A37-From+ErrorBasedIntegrator+%28AliasMatcher%28%2C%29%29	"Giovanni Colombo" 	"http://en.wikipedia.org/wiki/Giovanni%20Colombo" 	Giovanni Colombo	http://en.wikipedia.org/wiki/Giovanni%20Colombo			%5BAliasMatcher-Iter%3A621-2012%2F08%2F03-10%3A35%3A59-%3Ctoken%3D%3E-Freebase+7%2F9%2F2012%5D
concept:island:jabal	concept:haswikipediaurl	http://en.wikipedia.org/wiki/Jabal%20(Bible)	710	0.95	MBL-Iter%3A710-2013%2F03%2F13-12%3A17%3A37-From+ErrorBasedIntegrator+%28AliasMatcher%28%2C%29%29	"Jabal" 	"http://en.wikipedia.org/wiki/Jabal%20(Bible)" 	Jabal	http://en.wikipedia.org/wiki/Jabal%20(Bible)			%5BAliasMatcher-Iter%3A621-2012%2F08%2F03-10%3A35%3A59-%3Ctoken%3D%3E-Freebase+7%2F9%2F2012%5D
concept:personafrica:keren_neumann	concept:haswikipediaurl	http://en.wikipedia.org/wiki/Keren%20Neumann	710	0.95	MBL-Iter%3A710-2013%2F03%2F13-12%3A17%3A37-From+ErrorBasedIntegrator+%28AliasMatcher%28%2C%29%29	"Keren Neumann" 	"http://en.wikipedia.org/wiki/Keren%20Neumann" 	Keren Neumann	http://en.wikipedia.org/wiki/Keren%20Neumann			%5BAliasMatcher-Iter%3A621-2012%2F08%2F03-10%3A35%3A59-%3Ctoken%3D%3E-Freebase+7%2F9%2F2012%5D
concept:female:rachel_burr	concept:haswikipediaurl	http://en.wikipedia.org/wiki/Rachel%20Burr	710	0.95	MBL-Iter%3A710-2013%2F03%2F13-12%3A17%3A37-From+ErrorBasedIntegrator+%28AliasMatcher%28%2C%29%29	"Rachel Burr" 	"http://en.wikipedia.org/wiki/Rachel%20Burr" 	Rachel Burr	http://en.wikipedia.org/wiki/Rachel%20Burr			%5BAliasMatcher-Iter%3A621-2012%2F08%2F03-10%3A35%3A59-%3Ctoken%3D%3E-Freebase+7%2F9%2F2012%5D
concept:airport:labor_unrest	concept:haswikipediaurl	http://en.wikipedia.org/wiki/Labor%20unrest	710	0.95	MBL-Iter%3A710-2013%2F03%2F13-12%3A17%3A37-From+ErrorBasedIntegrator+%28AliasMatcher%28%2C%29%29	"Labor unrest" 	"http://en.wikipedia.org/wiki/Labor%20unrest" 	Labor unrest	http://en.wikipedia.org/wiki/Labor%20unrest			%5BAliasMatcher-Iter%3A621-2012%2F08%2F03-10%3A35%3A59-%3Ctoken%3D%3E-Freebase+7%2F9%2F2012%5D
concept:wine:ilva	concept:haswikipediaurl	http://en.wikipedia.org/wiki/ILVA	710	0.95	MBL-Iter%3A710-2013%2F03%2F13-12%3A17%3A37-From+ErrorBasedIntegrator+%28AliasMatcher%28%2C%29%29	"Ilva" "ILVA" 	"http://en.wikipedia.org/wiki/ILVA" 	Ilva	http://en.wikipedia.org/wiki/ILVA			%5BAliasMatcher-Iter%3A621-2012%2F08%2F03-10%3A35%3A59-%3Ctoken%3D%3E-Freebase+7%2F9%2F2012%5D
concept:professionalorganization:christopher_reeve_paralysis_foundation	concept:haswikipediaurl	http://en.wikipedia.org/wiki/Christopher%20and%20Dana%20Reeve%20Foundation	710	0.95	MBL-Iter%3A710-2013%2F03%2F13-12%3A17%3A37-From+ErrorBasedIntegrator+%28AliasMatcher%28%2C%29%29	"Christopher Reeve Paralysis Foundation" 	"http://en.wikipedia.org/wiki/Christopher%20and%20Dana%20Reeve%20Foundation" 	Christopher Reeve Paralysis Foundation	http://en.wikipedia.org/wiki/Christopher%20and%20Dana%20Reeve%20Foundation			%5BAliasMatcher-Iter%3A621-2012%2F08%2F03-10%3A35%3A59-%3Ctoken%3D%3E-Freebase+7%2F9%2F2012%5D
concept:mlauthor:jun_liu	concept:haswikipediaurl	http://en.wikipedia.org/wiki/Jun%20Liu	710	0.95	MBL-Iter%3A710-2013%2F03%2F13-12%3A17%3A37-From+ErrorBasedIntegrator+%28AliasMatcher%28%2C%29%29	"Jun Liu" "jun_liu" 	"http://en.wikipedia.org/wiki/Jun%20Liu" 	Jun Liu	http://en.wikipedia.org/wiki/Jun%20Liu			%5BAliasMatcher-Iter%3A621-2012%2F08%2F03-10%3A35%3A59-%3Ctoken%3D%3E-Freebase+7%2F9%2F2012%5D
concept:city:attractions	concept:mutualproxyfor	concept:beverage:new	863	0.96875	MBL-Iter%3A863-2014%2F08%2F19-15%3A27%3A57-From+ErrorBasedIntegrator+%28CPL%28attractions%2Cnew%29%29	"attractions" "Attractions" 	"New" "new" "NEW" 	attractions	New			%5BCPL-Iter%3A289-2011%2F06%2F06-10%3A10%3A49-%3Ctoken%3Dattractions%2Cnew%3E-arg2+Zealand+tourist+arg1%0979%09arg2+England+states+and+arg1%092%09arg2+Jersey+and+New+York+City+arg1%092%09arg2+York+and+other+arg1%091%09arg2+Jersey+and+arg1%091%5D
concept:city:attractions	concept:proxyfor	concept:politicaloffice:new	811	0.999755859375	MBL-Iter%3A811-2014%2F02%2F10-05%3A09%3A08-From+ErrorBasedIntegrator+%28CPL%28attractions%2Cnew%29%29	"attractions" "Attractions" 	"New" "new" "NEW" 	attractions	New			%5BCPL-Iter%3A605-2012%2F06%2F30-15%3A11%3A52-%3Ctoken%3Dattractions%2Cnew%3E-arg2+Zealand+tourist+arg1%0979%09arg2+Mexico+area+arg1%093%09arg2+Hampshire+vacation+arg1%091%09arg2+Jersey+and+New+York+arg1%091%09arg2+York+theatre+arg1%091%09arg2+England+states+and+arg1%092%09arg2+Jersey+and+New+York+City+arg1%092%09arg2+York+and+other+arg1%091%09arg2+Jersey+shore+arg1%091%09arg2+Jersey+coastal+arg1%091%09arg2+Zealand+golf+arg1%094%09arg2+Jersey+and+arg1%091%5D
concept:architect:barbara_rose	concept:haswikipediaurl	http://en.wikipedia.org/wiki/Barbara%20Rose	710	0.95	MBL-Iter%3A710-2013%2F03%2F13-12%3A17%3A37-From+ErrorBasedIntegrator+%28AliasMatcher%28%2C%29%29	"Barbara Rose" 	"http://en.wikipedia.org/wiki/Barbara%20Rose" 	Barbara Rose	http://en.wikipedia.org/wiki/Barbara%20Rose			%5BAliasMatcher-Iter%3A621-2012%2F08%2F03-10%3A35%3A59-%3Ctoken%3D%3E-Freebase+7%2F9%2F2012%5D
concept:terroristorganization:movimiento_independentista_nacional_hostosiano	concept:haswikipediaurl	http://en.wikipedia.org/wiki/Hostosian%20National%20Independence%20Movement	710	0.95	MBL-Iter%3A710-2013%2F03%2F13-12%3A17%3A37-From+ErrorBasedIntegrator+%28AliasMatcher%28%2C%29%29	"Movimiento Independentista Nacional Hostosiano" 	"http://en.wikipedia.org/wiki/Hostosian%20National%20Independence%20Movement" 	Movimiento Independentista Nacional Hostosiano	http://en.wikipedia.org/wiki/Hostosian%20National%20Independence%20Movement			%5BAliasMatcher-Iter%3A621-2012%2F08%2F03-10%3A35%3A59-%3Ctoken%3D%3E-Freebase+7%2F9%2F2012%5D
concept:hotel:cardamom_county	concept:latitudelongitude	27.0858000000000,80.3140000000000	995	1.0	MBL-Iter%3A995-2016%2F05%2F20-21%3A37%3A48-From+ErrorBasedIntegrator+%28LatLong%28cardamom_county%2C27.0858000000000%2C80.3140000000000%29%29	"Cardamom County" 	"27.0858000000000,80.3140000000000" 	Cardamom County	27.0858000000000,80.3140000000000			%5BLatLong-Iter%3A170-2010%2F11%2F18-21%3A27%3A54-%3Ctoken%3Dcardamom_county%2C27.0858000000000%2C80.3140000000000%3E-muthoot+cardamom+county%4027.086%2C80.314%5D
concept:hotel:nh_grand_hotel_krasnapolsky	concept:latitudelongitude	52.3724000000000,4.8941500000000	995	0.9999999877333238	MBL-Iter%3A995-2016%2F05%2F20-21%3A37%3A48-From+ErrorBasedIntegrator+%28LatLongTT%28nh_grand_hotel_krasnapolsky%2C52.3724000000000%2C4.8941500000000%29%29	"NH Grand Hotel Krasnapolsky" 	"52.3724000000000,4.8941500000000" 	NH Grand Hotel Krasnapolsky	52.3724000000000,4.8941500000000			%5BLatLongTT-Iter%3A629-2012%2F08%2F31-06%3A51%3A34-%3Ctoken%3Dnh_grand_hotel_krasnapolsky%2C52.3724000000000%2C4.8941500000000%3E-geonames%3A++nh+grand+hotel+krasnapolsky%4052.373%2C4.894+nh+grand+hotel+krasnapolsky%4052.372%2C4.894%5D
concept:skyscraper:olev_siinmaa	concept:haswikipediaurl	http://en.wikipedia.org/wiki/Olev%20Siinmaa	710	0.95	MBL-Iter%3A710-2013%2F03%2F13-12%3A17%3A37-From+ErrorBasedIntegrator+%28AliasMatcher%28%2C%29%29	"Olev Siinmaa" 	"http://en.wikipedia.org/wiki/Olev%20Siinmaa" 	Olev Siinmaa	http://en.wikipedia.org/wiki/Olev%20Siinmaa			%5BAliasMatcher-Iter%3A621-2012%2F08%2F03-10%3A35%3A59-%3Ctoken%3D%3E-Freebase+7%2F9%2F2012%5D
concept:mountainrange:stikine_river_provincial_park	concept:haswikipediaurl	http://en.wikipedia.org/wiki/Stikine%20River%20Provincial%20Park	710	0.95	MBL-Iter%3A710-2013%2F03%2F13-12%3A17%3A37-From+ErrorBasedIntegrator+%28AliasMatcher%28%2C%29%29	"Stikine River Provincial Park" 	"http://en.wikipedia.org/wiki/Stikine%20River%20Provincial%20Park" 	Stikine River Provincial Park	http://en.wikipedia.org/wiki/Stikine%20River%20Provincial%20Park			%5BAliasMatcher-Iter%3A621-2012%2F08%2F03-10%3A35%3A59-%3Ctoken%3D%3E-Freebase+7%2F9%2F2012%5D
concept:sport:n10_point_must_system	concept:haswikipediaurl	http://en.wikipedia.org/wiki/10%2Dpoint%20must%20system	710	0.95	MBL-Iter%3A710-2013%2F03%2F13-12%3A17%3A37-From+ErrorBasedIntegrator+%28AliasMatcher%28%2C%29%29	"10-point must system" 	"http://en.wikipedia.org/wiki/10%2Dpoint%20must%20system" 	10-point must system	http://en.wikipedia.org/wiki/10%2Dpoint%20must%20system			%5BAliasMatcher-Iter%3A621-2012%2F08%2F03-10%3A35%3A59-%3Ctoken%3D%3E-Freebase+7%2F9%2F2012%5D
concept:actor:gildo_bocci	concept:haswikipediaurl	http://en.wikipedia.org/wiki/Gildo%20Bocci	710	0.95	MBL-Iter%3A710-2013%2F03%2F13-12%3A17%3A37-From+ErrorBasedIntegrator+%28AliasMatcher%28%2C%29%29	"Gildo Bocci" 	"http://en.wikipedia.org/wiki/Gildo%20Bocci" 	Gildo Bocci	http://en.wikipedia.org/wiki/Gildo%20Bocci			%5BAliasMatcher-Iter%3A621-2012%2F08%2F03-10%3A35%3A59-%3Ctoken%3D%3E-Freebase+7%2F9%2F2012%5D
concept:mollusk:lau_lau	concept:haswikipediaurl	http://en.wikipedia.org/wiki/Laulau	710	0.95	MBL-Iter%3A710-2013%2F03%2F13-12%3A17%3A37-From+ErrorBasedIntegrator+%28AliasMatcher%28%2C%29%29	"Lau lau" 	"http://en.wikipedia.org/wiki/Laulau" 	Lau lau	http://en.wikipedia.org/wiki/Laulau			%5BAliasMatcher-Iter%3A621-2012%2F08%2F03-10%3A35%3A59-%3Ctoken%3D%3E-Freebase+7%2F9%2F2012%5D
concept:physiologicalcondition:slipped_epiphysis	concept:haswikipediaurl	http://en.wikipedia.org/wiki/Slipped%20capital%20femoral%20epiphysis	710	0.95	MBL-Iter%3A710-2013%2F03%2F13-12%3A17%3A37-From+ErrorBasedIntegrator+%28AliasMatcher%28%2C%29%29	"Slipped epiphysis" "Slipped Epiphysis" 	"http://en.wikipedia.org/wiki/Slipped%20capital%20femoral%20epiphysis" 	Slipped epiphysis	http://en.wikipedia.org/wiki/Slipped%20capital%20femoral%20epiphysis			%5BAliasMatcher-Iter%3A621-2012%2F08%2F03-10%3A35%3A59-%3Ctoken%3D%3E-Freebase+7%2F9%2F2012%5D
concept:building:dedicated	concept:atdate	concept:date:n2000	941	0.9375	MBL-Iter%3A941-2015%2F07%2F25-06%3A28%3A16-From+ErrorBasedIntegrator+%28CPL%28dedicated%2Cn2000%29%29	"dedicated" "DEDICATED" "Dedicated" 	"2000" 	dedicated	2000			%5BCPL-Iter%3A688-2013%2F01%2F23-00%3A04%3A31-%3Ctoken%3Ddedicated%2Cn2000%3E-arg1+in+June+arg2%092%09arg1+in+January+arg2%091%09arg1+in+April+arg2%092%09arg1+in+April+of+arg2%091%5D
concept:book:trojan_odyssey	concept:haswikipediaurl	http://en.wikipedia.org/wiki/Trojan%20Odyssey	710	0.95	MBL-Iter%3A710-2013%2F03%2F13-12%3A17%3A37-From+ErrorBasedIntegrator+%28AliasMatcher%28%2C%29%29	"Trojan Odyssey" "trojan odyssey" 	"http://en.wikipedia.org/wiki/Trojan%20Odyssey" 	Trojan Odyssey	http://en.wikipedia.org/wiki/Trojan%20Odyssey			%5BAliasMatcher-Iter%3A621-2012%2F08%2F03-10%3A35%3A59-%3Ctoken%3D%3E-Freebase+7%2F9%2F2012%5D
concept:militaryconflict:france_and_weapons_of_mass_destruction	concept:haswikipediaurl	http://en.wikipedia.org/wiki/France%20and%20weapons%20of%20mass%20destruction	710	0.95	MBL-Iter%3A710-2013%2F03%2F13-12%3A17%3A37-From+ErrorBasedIntegrator+%28AliasMatcher%28%2C%29%29	"France and weapons of mass destruction" 	"http://en.wikipedia.org/wiki/France%20and%20weapons%20of%20mass%20destruction" 	France and weapons of mass destruction	http://en.wikipedia.org/wiki/France%20and%20weapons%20of%20mass%20destruction			%5BAliasMatcher-Iter%3A621-2012%2F08%2F03-10%3A35%3A59-%3Ctoken%3D%3E-Freebase+7%2F9%2F2012%5D
concept:personnorthamerica:hall_s__lusk	concept:haswikipediaurl	http://en.wikipedia.org/wiki/Hall%20S%2E%20Lusk	710	0.95	MBL-Iter%3A710-2013%2F03%2F13-12%3A17%3A37-From+ErrorBasedIntegrator+%28AliasMatcher%28%2C%29%29	"Hall S. Lusk" 	"http://en.wikipedia.org/wiki/Hall%20S%2E%20Lusk" 	Hall S. Lusk	http://en.wikipedia.org/wiki/Hall%20S%2E%20Lusk			%5BAliasMatcher-Iter%3A621-2012%2F08%2F03-10%3A35%3A59-%3Ctoken%3D%3E-Freebase+7%2F9%2F2012%5D
concept:animal:grazing_antelope	concept:haswikipediaurl	http://en.wikipedia.org/wiki/Grazing%20antelope	710	0.95	MBL-Iter%3A710-2013%2F03%2F13-12%3A17%3A37-From+ErrorBasedIntegrator+%28AliasMatcher%28%2C%29%29	"Grazing antelope" 	"http://en.wikipedia.org/wiki/Grazing%20antelope" 	Grazing antelope	http://en.wikipedia.org/wiki/Grazing%20antelope			%5BAliasMatcher-Iter%3A621-2012%2F08%2F03-10%3A35%3A59-%3Ctoken%3D%3E-Freebase+7%2F9%2F2012%5D
concept:monarch:yury_biryukov	concept:haswikipediaurl	http://en.wikipedia.org/wiki/Yury%20Biryukov	710	0.95	MBL-Iter%3A710-2013%2F03%2F13-12%3A17%3A37-From+ErrorBasedIntegrator+%28AliasMatcher%28%2C%29%29	"Yury Biryukov" 	"http://en.wikipedia.org/wiki/Yury%20Biryukov" 	Yury Biryukov	http://en.wikipedia.org/wiki/Yury%20Biryukov			%5BAliasMatcher-Iter%3A621-2012%2F08%2F03-10%3A35%3A59-%3Ctoken%3D%3E-Freebase+7%2F9%2F2012%5D
concept:personcanada:susan_spencer	concept:haswikipediaurl	http://en.wikipedia.org/wiki/Susan%20Spencer	710	0.95	MBL-Iter%3A710-2013%2F03%2F13-12%3A17%3A37-From+ErrorBasedIntegrator+%28AliasMatcher%28%2C%29%29	"susan spencer" "Susan Spencer" 	"http://en.wikipedia.org/wiki/Susan%20Spencer" 	susan spencer	http://en.wikipedia.org/wiki/Susan%20Spencer			%5BAliasMatcher-Iter%3A621-2012%2F08%2F03-10%3A35%3A59-%3Ctoken%3D%3E-Freebase+7%2F9%2F2012%5D
concept:buildingfeature:arcades	concept:haswikipediaurl	http://en.wikipedia.org/wiki/Arcades%20(Milton)	710	0.95	MBL-Iter%3A710-2013%2F03%2F13-12%3A17%3A37-From+ErrorBasedIntegrator+%28AliasMatcher%28%2C%29%29	"arcades" "Arcades" 	"http://en.wikipedia.org/wiki/Arcades%20(Milton)" 	arcades	http://en.wikipedia.org/wiki/Arcades%20(Milton)			%5BAliasMatcher-Iter%3A621-2012%2F08%2F03-10%3A35%3A59-%3Ctoken%3D%3E-Freebase+7%2F9%2F2012%5D
concept:person:lewis_steenrod	concept:haswikipediaurl	http://en.wikipedia.org/wiki/Lewis%20Steenrod	710	0.95	MBL-Iter%3A710-2013%2F03%2F13-12%3A17%3A37-From+ErrorBasedIntegrator+%28AliasMatcher%28%2C%29%29	"Lewis Steenrod" 	"http://en.wikipedia.org/wiki/Lewis%20Steenrod" 	Lewis Steenrod	http://en.wikipedia.org/wiki/Lewis%20Steenrod			%5BAliasMatcher-Iter%3A621-2012%2F08%2F03-10%3A35%3A59-%3Ctoken%3D%3E-Freebase+7%2F9%2F2012%5D
concept:coach:marquez_pope	concept:haswikipediaurl	http://en.wikipedia.org/wiki/Marquez%20Pope	710	0.95	MBL-Iter%3A710-2013%2F03%2F13-12%3A17%3A37-From+ErrorBasedIntegrator+%28AliasMatcher%28%2C%29%29	"marquez pope" "Marquez Pope" 	"http://en.wikipedia.org/wiki/Marquez%20Pope" 	marquez pope	http://en.wikipedia.org/wiki/Marquez%20Pope			%5BAliasMatcher-Iter%3A621-2012%2F08%2F03-10%3A35%3A59-%3Ctoken%3D%3E-Freebase+7%2F9%2F2012%5D
concept:personeurope:haku	concept:haswikipediaurl	http://en.wikipedia.org/wiki/Tonga%20Fifita	710	0.95	MBL-Iter%3A710-2013%2F03%2F13-12%3A17%3A37-From+ErrorBasedIntegrator+%28AliasMatcher%28%2C%29%29	"Haku" "haku" 	"http://en.wikipedia.org/wiki/Tonga%20Fifita" 	Haku	http://en.wikipedia.org/wiki/Tonga%20Fifita			%5BAliasMatcher-Iter%3A621-2012%2F08%2F03-10%3A35%3A59-%3Ctoken%3D%3E-Freebase+7%2F9%2F2012%5D
concept:actor:arthur_byron	concept:haswikipediaurl	http://en.wikipedia.org/wiki/Arthur%20Byron	710	0.95	MBL-Iter%3A710-2013%2F03%2F13-12%3A17%3A37-From+ErrorBasedIntegrator+%28AliasMatcher%28%2C%29%29	"Arthur Byron" "arthur byron" 	"http://en.wikipedia.org/wiki/Arthur%20Byron" 	Arthur Byron	http://en.wikipedia.org/wiki/Arthur%20Byron			%5BAliasMatcher-Iter%3A621-2012%2F08%2F03-10%3A35%3A59-%3Ctoken%3D%3E-Freebase+7%2F9%2F2012%5D
concept:scientist:nicol_s_avellaneda	concept:haswikipediaurl	http://en.wikipedia.org/wiki/Nicol%C3%A1s%20Avellaneda	710	0.95	MBL-Iter%3A710-2013%2F03%2F13-12%3A17%3A37-From+ErrorBasedIntegrator+%28AliasMatcher%28%2C%29%29	"Nicolás Avellaneda" 	"http://en.wikipedia.org/wiki/Nicol%C3%A1s%20Avellaneda" 	Nicolás Avellaneda	http://en.wikipedia.org/wiki/Nicol%C3%A1s%20Avellaneda			%5BAliasMatcher-Iter%3A621-2012%2F08%2F03-10%3A35%3A59-%3Ctoken%3D%3E-Freebase+7%2F9%2F2012%5D
concept:city:pasvalys	concept:haswikipediaurl	http://en.wikipedia.org/wiki/Pasvalys	710	0.95	MBL-Iter%3A710-2013%2F03%2F13-12%3A17%3A37-From+ErrorBasedIntegrator+%28AliasMatcher%28%2C%29%29	"Pasvalys" 	"http://en.wikipedia.org/wiki/Pasvalys" 	Pasvalys	http://en.wikipedia.org/wiki/Pasvalys			%5BAliasMatcher-Iter%3A621-2012%2F08%2F03-10%3A35%3A59-%3Ctoken%3D%3E-Freebase+7%2F9%2F2012%5D
concept:awardtrophytournament:coupe_du_pr_sident_de_la_r_publique	concept:haswikipediaurl	http://en.wikipedia.org/wiki/Coupe%20du%20Pr%C3%A9sident%20de%20la%20R%C3%A9publique	710	0.95	MBL-Iter%3A710-2013%2F03%2F13-12%3A17%3A37-From+ErrorBasedIntegrator+%28AliasMatcher%28%2C%29%29	"coupe du président de la république" "Coupe du Président de la République" 	"http://en.wikipedia.org/wiki/Coupe%20du%20Pr%C3%A9sident%20de%20la%20R%C3%A9publique" 	coupe du président de la république	http://en.wikipedia.org/wiki/Coupe%20du%20Pr%C3%A9sident%20de%20la%20R%C3%A9publique			%5BAliasMatcher-Iter%3A621-2012%2F08%2F03-10%3A35%3A59-%3Ctoken%3D%3E-Freebase+7%2F9%2F2012%5D
concept:person:carlos_dias	concept:haswikipediaurl	http://en.wikipedia.org/wiki/Carlos%20Dias	710	0.95	MBL-Iter%3A710-2013%2F03%2F13-12%3A17%3A37-From+ErrorBasedIntegrator+%28AliasMatcher%28%2C%29%29	"Carlos Dias" 	"http://en.wikipedia.org/wiki/Carlos%20Dias" 	Carlos Dias	http://en.wikipedia.org/wiki/Carlos%20Dias			%5BAliasMatcher-Iter%3A621-2012%2F08%2F03-10%3A35%3A59-%3Ctoken%3D%3E-Freebase+7%2F9%2F2012%5D
concept:actor:russell_dykstra	concept:haswikipediaurl	http://en.wikipedia.org/wiki/Russell%20Dykstra	710	0.95	MBL-Iter%3A710-2013%2F03%2F13-12%3A17%3A37-From+ErrorBasedIntegrator+%28AliasMatcher%28%2C%29%29	"russell dykstra" "Russell Dykstra" 	"http://en.wikipedia.org/wiki/Russell%20Dykstra" 	russell dykstra	http://en.wikipedia.org/wiki/Russell%20Dykstra			%5BAliasMatcher-Iter%3A621-2012%2F08%2F03-10%3A35%3A59-%3Ctoken%3D%3E-Freebase+7%2F9%2F2012%5D
concept:mountain:seekarkreuz	concept:haswikipediaurl	http://en.wikipedia.org/wiki/Seekarkreuz	710	0.95	MBL-Iter%3A710-2013%2F03%2F13-12%3A17%3A37-From+ErrorBasedIntegrator+%28AliasMatcher%28%2C%29%29	"Seekarkreuz" 	"http://en.wikipedia.org/wiki/Seekarkreuz" 	Seekarkreuz	http://en.wikipedia.org/wiki/Seekarkreuz			%5BAliasMatcher-Iter%3A621-2012%2F08%2F03-10%3A35%3A59-%3Ctoken%3D%3E-Freebase+7%2F9%2F2012%5D
concept:musicartist:david_lamotte	concept:haswikipediaurl	http://en.wikipedia.org/wiki/David%20LaMotte	710	0.95	MBL-Iter%3A710-2013%2F03%2F13-12%3A17%3A37-From+ErrorBasedIntegrator+%28AliasMatcher%28%2C%29%29	"David LaMotte" 	"http://en.wikipedia.org/wiki/David%20LaMotte" 	David LaMotte	http://en.wikipedia.org/wiki/David%20LaMotte			%5BAliasMatcher-Iter%3A621-2012%2F08%2F03-10%3A35%3A59-%3Ctoken%3D%3E-Freebase+7%2F9%2F2012%5D
concept:museum:santa_barbara_botanic_garden	concept:haswikipediaurl	http://en.wikipedia.org/wiki/Santa%20Barbara%20Botanic%20Garden	710	0.95	MBL-Iter%3A710-2013%2F03%2F13-12%3A17%3A37-From+ErrorBasedIntegrator+%28AliasMatcher%28%2C%29%29	"Santa Barbara Botanic Garden" 	"http://en.wikipedia.org/wiki/Santa%20Barbara%20Botanic%20Garden" 	Santa Barbara Botanic Garden	http://en.wikipedia.org/wiki/Santa%20Barbara%20Botanic%20Garden			%5BAliasMatcher-Iter%3A621-2012%2F08%2F03-10%3A35%3A59-%3Ctoken%3D%3E-Freebase+7%2F9%2F2012%5D
concept:comedian:hubcap_comedy_festival	concept:haswikipediaurl	http://en.wikipedia.org/wiki/HubCap%20Comedy%20Festival	710	0.95	MBL-Iter%3A710-2013%2F03%2F13-12%3A17%3A37-From+ErrorBasedIntegrator+%28AliasMatcher%28%2C%29%29	"HubCap Comedy Festival" 	"http://en.wikipedia.org/wiki/HubCap%20Comedy%20Festival" 	HubCap Comedy Festival	http://en.wikipedia.org/wiki/HubCap%20Comedy%20Festival			%5BAliasMatcher-Iter%3A621-2012%2F08%2F03-10%3A35%3A59-%3Ctoken%3D%3E-Freebase+7%2F9%2F2012%5D
concept:aquarium:pensthorpe_nature_reserve	concept:haswikipediaurl	http://en.wikipedia.org/wiki/Pensthorpe%20Nature%20Reserve	710	0.95	MBL-Iter%3A710-2013%2F03%2F13-12%3A17%3A37-From+ErrorBasedIntegrator+%28AliasMatcher%28%2C%29%29	"Pensthorpe Nature Reserve" 	"http://en.wikipedia.org/wiki/Pensthorpe%20Nature%20Reserve" 	Pensthorpe Nature Reserve	http://en.wikipedia.org/wiki/Pensthorpe%20Nature%20Reserve			%5BAliasMatcher-Iter%3A621-2012%2F08%2F03-10%3A35%3A59-%3Ctoken%3D%3E-Freebase+7%2F9%2F2012%5D
concept:comedian:jean_pierre_kalfon	concept:haswikipediaurl	http://en.wikipedia.org/wiki/Jean%2DPierre%20Kalfon	710	0.95	MBL-Iter%3A710-2013%2F03%2F13-12%3A17%3A37-From+ErrorBasedIntegrator+%28AliasMatcher%28%2C%29%29	"Jean-Pierre KALFON" "Jean-Pierre Kalfon" 	"http://en.wikipedia.org/wiki/Jean%2DPierre%20Kalfon" 	Jean-Pierre KALFON	http://en.wikipedia.org/wiki/Jean%2DPierre%20Kalfon			%5BAliasMatcher-Iter%3A621-2012%2F08%2F03-10%3A35%3A59-%3Ctoken%3D%3E-Freebase+7%2F9%2F2012%5D
concept:mountain:hamarinn	concept:haswikipediaurl	http://en.wikipedia.org/wiki/Loki%2DF%C3%B6grufj%C3%B6ll	710	0.95	MBL-Iter%3A710-2013%2F03%2F13-12%3A17%3A37-From+ErrorBasedIntegrator+%28AliasMatcher%28%2C%29%29	"Hamarinn" 	"http://en.wikipedia.org/wiki/Loki%2DF%C3%B6grufj%C3%B6ll" 	Hamarinn	http://en.wikipedia.org/wiki/Loki%2DF%C3%B6grufj%C3%B6ll			%5BAliasMatcher-Iter%3A621-2012%2F08%2F03-10%3A35%3A59-%3Ctoken%3D%3E-Freebase+7%2F9%2F2012%5D
concept:drug:pascolizumab	concept:haswikipediaurl	http://en.wikipedia.org/wiki/Pascolizumab	710	0.95	MBL-Iter%3A710-2013%2F03%2F13-12%3A17%3A37-From+ErrorBasedIntegrator+%28AliasMatcher%28%2C%29%29	"Pascolizumab" 	"http://en.wikipedia.org/wiki/Pascolizumab" 	Pascolizumab	http://en.wikipedia.org/wiki/Pascolizumab			%5BAliasMatcher-Iter%3A621-2012%2F08%2F03-10%3A35%3A59-%3Ctoken%3D%3E-Freebase+7%2F9%2F2012%5D
concept:lake:go_home_lake	concept:haswikipediaurl	http://en.wikipedia.org/wiki/Go%20Home%20Lake	710	0.95	MBL-Iter%3A710-2013%2F03%2F13-12%3A17%3A37-From+ErrorBasedIntegrator+%28AliasMatcher%28%2C%29%29	"Go Home Lake" 	"http://en.wikipedia.org/wiki/Go%20Home%20Lake" 	Go Home Lake	http://en.wikipedia.org/wiki/Go%20Home%20Lake			%5BAliasMatcher-Iter%3A621-2012%2F08%2F03-10%3A35%3A59-%3Ctoken%3D%3E-Freebase+7%2F9%2F2012%5D
concept:visualartist:alison_krause	concept:haswikipediaurl	http://en.wikipedia.org/wiki/Allison%20Krause	710	0.95	MBL-Iter%3A710-2013%2F03%2F13-12%3A17%3A37-From+ErrorBasedIntegrator+%28AliasMatcher%28%2C%29%29	"Alison Krause" 	"http://en.wikipedia.org/wiki/Allison%20Krause" 	Alison Krause	http://en.wikipedia.org/wiki/Allison%20Krause			%5BAliasMatcher-Iter%3A621-2012%2F08%2F03-10%3A35%3A59-%3Ctoken%3D%3E-Freebase+7%2F9%2F2012%5D
concept:coach:konstantin_rudenko	concept:haswikipediaurl	http://en.wikipedia.org/wiki/Konstantin%20Rudenko	710	0.95	MBL-Iter%3A710-2013%2F03%2F13-12%3A17%3A37-From+ErrorBasedIntegrator+%28AliasMatcher%28%2C%29%29	"Konstantin Rudenko" 	"http://en.wikipedia.org/wiki/Konstantin%20Rudenko" 	Konstantin Rudenko	http://en.wikipedia.org/wiki/Konstantin%20Rudenko			%5BAliasMatcher-Iter%3A621-2012%2F08%2F03-10%3A35%3A59-%3Ctoken%3D%3E-Freebase+7%2F9%2F2012%5D
concept:televisionstation:professor_kool	concept:haswikipediaurl	http://en.wikipedia.org/wiki/Professor%20Kool	710	0.95	MBL-Iter%3A710-2013%2F03%2F13-12%3A17%3A37-From+ErrorBasedIntegrator+%28AliasMatcher%28%2C%29%29	"Professor Kool" 	"http://en.wikipedia.org/wiki/Professor%20Kool" 	Professor Kool	http://en.wikipedia.org/wiki/Professor%20Kool			%5BAliasMatcher-Iter%3A621-2012%2F08%2F03-10%3A35%3A59-%3Ctoken%3D%3E-Freebase+7%2F9%2F2012%5D
concept:park:queen_s_pier	concept:haswikipediaurl	http://en.wikipedia.org/wiki/Queen's%20Pier	710	0.95	MBL-Iter%3A710-2013%2F03%2F13-12%3A17%3A37-From+ErrorBasedIntegrator+%28AliasMatcher%28%2C%29%29	"Queen's Pier" 	"http://en.wikipedia.org/wiki/Queen's%20Pier" 	Queen's Pier	http://en.wikipedia.org/wiki/Queen's%20Pier			%5BAliasMatcher-Iter%3A621-2012%2F08%2F03-10%3A35%3A59-%3Ctoken%3D%3E-Freebase+7%2F9%2F2012%5D
concept:park:apple_disk_image	concept:haswikipediaurl	http://en.wikipedia.org/wiki/Apple%20Disk%20Image	710	0.95	MBL-Iter%3A710-2013%2F03%2F13-12%3A17%3A37-From+ErrorBasedIntegrator+%28AliasMatcher%28%2C%29%29	"Apple Disk Image" 	"http://en.wikipedia.org/wiki/Apple%20Disk%20Image" 	Apple Disk Image	http://en.wikipedia.org/wiki/Apple%20Disk%20Image			%5BAliasMatcher-Iter%3A621-2012%2F08%2F03-10%3A35%3A59-%3Ctoken%3D%3E-Freebase+7%2F9%2F2012%5D
concept:musicsong:our_best	concept:haswikipediaurl	http://en.wikipedia.org/wiki/Unsere%20Besten	710	0.95	MBL-Iter%3A710-2013%2F03%2F13-12%3A17%3A37-From+ErrorBasedIntegrator+%28AliasMatcher%28%2C%29%29	"Our Best" 	"http://en.wikipedia.org/wiki/Unsere%20Besten" 	Our Best	http://en.wikipedia.org/wiki/Unsere%20Besten			%5BAliasMatcher-Iter%3A621-2012%2F08%2F03-10%3A35%3A59-%3Ctoken%3D%3E-Freebase+7%2F9%2F2012%5D
concept:country:offing	concept:latitudelongitude	-53.8333300000000,-70.3833300000000	995	1.0	MBL-Iter%3A995-2016%2F05%2F20-21%3A37%3A48-From+ErrorBasedIntegrator+%28LatLong%28offing%2C-53.8333300000000%2C-70.3833300000000%29%29	"offing" 	"-53.8333300000000,-70.3833300000000" 	offing	-53.8333300000000,-70.3833300000000			%5BLatLong-Iter%3A170-2010%2F11%2F18-21%3A27%3A54-%3Ctoken%3Doffing%2C-53.8333300000000%2C-70.3833300000000%3E-isla+offing%40-53.833%2C-70.383%5D
concept:book:three_seconds	concept:haswikipediaurl	http://en.wikipedia.org/wiki/Three%20Seconds	710	0.95	MBL-Iter%3A710-2013%2F03%2F13-12%3A17%3A37-From+ErrorBasedIntegrator+%28AliasMatcher%28%2C%29%29	"three seconds" "Three Seconds" 	"http://en.wikipedia.org/wiki/Three%20Seconds" 	three seconds	http://en.wikipedia.org/wiki/Three%20Seconds			%5BAliasMatcher-Iter%3A621-2012%2F08%2F03-10%3A35%3A59-%3Ctoken%3D%3E-Freebase+7%2F9%2F2012%5D
concept:personnorthamerica:margia_dean	concept:haswikipediaurl	http://en.wikipedia.org/wiki/Margia%20Dean	710	0.95	MBL-Iter%3A710-2013%2F03%2F13-12%3A17%3A37-From+ErrorBasedIntegrator+%28AliasMatcher%28%2C%29%29	"Margia Dean" 	"http://en.wikipedia.org/wiki/Margia%20Dean" 	Margia Dean	http://en.wikipedia.org/wiki/Margia%20Dean			%5BAliasMatcher-Iter%3A621-2012%2F08%2F03-10%3A35%3A59-%3Ctoken%3D%3E-Freebase+7%2F9%2F2012%5D
concept:software:blue_force	concept:haswikipediaurl	http://en.wikipedia.org/wiki/Blue%20Force	710	0.95	MBL-Iter%3A710-2013%2F03%2F13-12%3A17%3A37-From+ErrorBasedIntegrator+%28AliasMatcher%28%2C%29%29	"Blue Force" 	"http://en.wikipedia.org/wiki/Blue%20Force" 	Blue Force	http://en.wikipedia.org/wiki/Blue%20Force			%5BAliasMatcher-Iter%3A621-2012%2F08%2F03-10%3A35%3A59-%3Ctoken%3D%3E-Freebase+7%2F9%2F2012%5D
concept:musicalbum:absolute_garbage	concept:haswikipediaurl	http://en.wikipedia.org/wiki/Absolute%20Garbage	710	0.95	MBL-Iter%3A710-2013%2F03%2F13-12%3A17%3A37-From+ErrorBasedIntegrator+%28AliasMatcher%28%2C%29%29	"Absolute Garbage" 	"http://en.wikipedia.org/wiki/Absolute%20Garbage" 	Absolute Garbage	http://en.wikipedia.org/wiki/Absolute%20Garbage			%5BAliasMatcher-Iter%3A621-2012%2F08%2F03-10%3A35%3A59-%3Ctoken%3D%3E-Freebase+7%2F9%2F2012%5D
concept:actor:gordon_greene	concept:haswikipediaurl	http://en.wikipedia.org/wiki/Gordon%20C%2E%20Greene	710	0.95	MBL-Iter%3A710-2013%2F03%2F13-12%3A17%3A37-From+ErrorBasedIntegrator+%28AliasMatcher%28%2C%29%29	"Gordon Greene" 	"http://en.wikipedia.org/wiki/Gordon%20C%2E%20Greene" 	Gordon Greene	http://en.wikipedia.org/wiki/Gordon%20C%2E%20Greene			%5BAliasMatcher-Iter%3A621-2012%2F08%2F03-10%3A35%3A59-%3Ctoken%3D%3E-Freebase+7%2F9%2F2012%5D
concept:building:robertson_gymnasium	concept:haswikipediaurl	http://en.wikipedia.org/wiki/Robertson%20Gymnasium	710	0.95	MBL-Iter%3A710-2013%2F03%2F13-12%3A17%3A37-From+ErrorBasedIntegrator+%28AliasMatcher%28%2C%29%29	"Robertson Gymnasium" 	"http://en.wikipedia.org/wiki/Robertson%20Gymnasium" 	Robertson Gymnasium	http://en.wikipedia.org/wiki/Robertson%20Gymnasium			%5BAliasMatcher-Iter%3A621-2012%2F08%2F03-10%3A35%3A59-%3Ctoken%3D%3E-Freebase+7%2F9%2F2012%5D
concept:blog:dick_wright	concept:haswikipediaurl	http://en.wikipedia.org/wiki/Dick%20Wright	710	0.95	MBL-Iter%3A710-2013%2F03%2F13-12%3A17%3A37-From+ErrorBasedIntegrator+%28AliasMatcher%28%2C%29%29	"Dick Wright" 	"http://en.wikipedia.org/wiki/Dick%20Wright" 	Dick Wright	http://en.wikipedia.org/wiki/Dick%20Wright			%5BAliasMatcher-Iter%3A621-2012%2F08%2F03-10%3A35%3A59-%3Ctoken%3D%3E-Freebase+7%2F9%2F2012%5D
concept:personus:lavinia__andru	concept:haswikipediaurl	http://en.wikipedia.org/wiki/Lavinia%20%C5%9Eandru	710	0.95	MBL-Iter%3A710-2013%2F03%2F13-12%3A17%3A37-From+ErrorBasedIntegrator+%28AliasMatcher%28%2C%29%29	"Lavinia Şandru" 	"http://en.wikipedia.org/wiki/Lavinia%20%C5%9Eandru" 	Lavinia Şandru	http://en.wikipedia.org/wiki/Lavinia%20%C5%9Eandru			%5BAliasMatcher-Iter%3A621-2012%2F08%2F03-10%3A35%3A59-%3Ctoken%3D%3E-Freebase+7%2F9%2F2012%5D
concept:sportsgame:n1991_daytona_500	concept:haswikipediaurl	http://en.wikipedia.org/wiki/1991%20Daytona%20500	710	0.95	MBL-Iter%3A710-2013%2F03%2F13-12%3A17%3A37-From+ErrorBasedIntegrator+%28AliasMatcher%28%2C%29%29	"1991 Daytona 500" 	"http://en.wikipedia.org/wiki/1991%20Daytona%20500" 	1991 Daytona 500	http://en.wikipedia.org/wiki/1991%20Daytona%20500			%5BAliasMatcher-Iter%3A621-2012%2F08%2F03-10%3A35%3A59-%3Ctoken%3D%3E-Freebase+7%2F9%2F2012%5D
concept:personmexico:dolores_camarillo	concept:haswikipediaurl	http://en.wikipedia.org/wiki/Dolores%20Camarillo	710	0.95	MBL-Iter%3A710-2013%2F03%2F13-12%3A17%3A37-From+ErrorBasedIntegrator+%28AliasMatcher%28%2C%29%29	"Dolores Camarillo" 	"http://en.wikipedia.org/wiki/Dolores%20Camarillo" 	Dolores Camarillo	http://en.wikipedia.org/wiki/Dolores%20Camarillo			%5BAliasMatcher-Iter%3A621-2012%2F08%2F03-10%3A35%3A59-%3Ctoken%3D%3E-Freebase+7%2F9%2F2012%5D
concept:chef:matt_tebbutt	concept:haswikipediaurl	http://en.wikipedia.org/wiki/Matt%20Tebbutt	710	0.95	MBL-Iter%3A710-2013%2F03%2F13-12%3A17%3A37-From+ErrorBasedIntegrator+%28AliasMatcher%28%2C%29%29	"Matt Tebbutt" "matt_tebbutt" 	"http://en.wikipedia.org/wiki/Matt%20Tebbutt" 	Matt Tebbutt	http://en.wikipedia.org/wiki/Matt%20Tebbutt			%5BAliasMatcher-Iter%3A621-2012%2F08%2F03-10%3A35%3A59-%3Ctoken%3D%3E-Freebase+7%2F9%2F2012%5D
concept:televisionshow:chef_school	concept:haswikipediaurl	http://en.wikipedia.org/wiki/Chef%20School	710	0.95	MBL-Iter%3A710-2013%2F03%2F13-12%3A17%3A37-From+ErrorBasedIntegrator+%28AliasMatcher%28%2C%29%29	"Chef School" "Chef school" 	"http://en.wikipedia.org/wiki/Chef%20School" 	Chef School	http://en.wikipedia.org/wiki/Chef%20School			%5BAliasMatcher-Iter%3A621-2012%2F08%2F03-10%3A35%3A59-%3Ctoken%3D%3E-Freebase+7%2F9%2F2012%5D
concept:bridge:stave_church	concept:haswikipediaurl	http://en.wikipedia.org/wiki/Stave%20church	710	0.95	MBL-Iter%3A710-2013%2F03%2F13-12%3A17%3A37-From+ErrorBasedIntegrator+%28AliasMatcher%28%2C%29%29	"stave church" "Stave church" 	"http://en.wikipedia.org/wiki/Stave%20church" 	stave church	http://en.wikipedia.org/wiki/Stave%20church			%5BAliasMatcher-Iter%3A621-2012%2F08%2F03-10%3A35%3A59-%3Ctoken%3D%3E-Freebase+7%2F9%2F2012%5D
concept:personmexico:vic_mercredi	concept:haswikipediaurl	http://en.wikipedia.org/wiki/Vic%20Mercredi	710	0.95	MBL-Iter%3A710-2013%2F03%2F13-12%3A17%3A37-From+ErrorBasedIntegrator+%28AliasMatcher%28%2C%29%29	"Vic Mercredi" 	"http://en.wikipedia.org/wiki/Vic%20Mercredi" 	Vic Mercredi	http://en.wikipedia.org/wiki/Vic%20Mercredi			%5BAliasMatcher-Iter%3A621-2012%2F08%2F03-10%3A35%3A59-%3Ctoken%3D%3E-Freebase+7%2F9%2F2012%5D
concept:astronaut:hattem	concept:haswikipediaurl	http://en.wikipedia.org/wiki/Hattem	710	0.95	MBL-Iter%3A710-2013%2F03%2F13-12%3A17%3A37-From+ErrorBasedIntegrator+%28AliasMatcher%28%2C%29%29	"Hattem" 	"http://en.wikipedia.org/wiki/Hattem" 	Hattem	http://en.wikipedia.org/wiki/Hattem			%5BAliasMatcher-Iter%3A621-2012%2F08%2F03-10%3A35%3A59-%3Ctoken%3D%3E-Freebase+7%2F9%2F2012%5D
concept:mollusk:rhinoceros_of_versailles	concept:haswikipediaurl	http://en.wikipedia.org/wiki/Rhinoceros%20of%20Versailles	710	0.95	MBL-Iter%3A710-2013%2F03%2F13-12%3A17%3A37-From+ErrorBasedIntegrator+%28AliasMatcher%28%2C%29%29	"Rhinoceros of Versailles" 	"http://en.wikipedia.org/wiki/Rhinoceros%20of%20Versailles" 	Rhinoceros of Versailles	http://en.wikipedia.org/wiki/Rhinoceros%20of%20Versailles			%5BAliasMatcher-Iter%3A621-2012%2F08%2F03-10%3A35%3A59-%3Ctoken%3D%3E-Freebase+7%2F9%2F2012%5D
concept:musician:criteria_studios	concept:haswikipediaurl	http://en.wikipedia.org/wiki/Criteria%20Studios	710	0.95	MBL-Iter%3A710-2013%2F03%2F13-12%3A17%3A37-From+ErrorBasedIntegrator+%28AliasMatcher%28%2C%29%29	"Criteria Studios" 	"http://en.wikipedia.org/wiki/Criteria%20Studios" 	Criteria Studios	http://en.wikipedia.org/wiki/Criteria%20Studios			%5BAliasMatcher-Iter%3A621-2012%2F08%2F03-10%3A35%3A59-%3Ctoken%3D%3E-Freebase+7%2F9%2F2012%5D
concept:island:orzola	concept:latitudelongitude	29.2166700000000,-13.4500000000000	995	1.0	MBL-Iter%3A995-2016%2F05%2F20-21%3A37%3A48-From+ErrorBasedIntegrator+%28LatLong%28orzola%2C29.2166700000000%2C-13.4500000000000%29%2C+LatLongTT%28orzola%2C29.2166700000000%2C-13.4500000000000%29%29	"Orzola" 	"29.2166700000000,-13.4500000000000" 	Orzola	29.2166700000000,-13.4500000000000			%5BLatLong-Iter%3A170-2010%2F11%2F18-21%3A27%3A54-%3Ctoken%3Dorzola%2C29.2166700000000%2C-13.4500000000000%3E-orzola%4029.217%2C-13.450%2C+LatLongTT-Iter%3A565-2012%2F05%2F10-22%3A07%3A25-%3Ctoken%3Dorzola%2C29.2166700000000%2C-13.4500000000000%3E-geonames%3A++orzola%4029.217%2C-13.450%5D
concept:person:kim_bokamper	concept:haswikipediaurl	http://en.wikipedia.org/wiki/Kim%20Bokamper	710	0.95	MBL-Iter%3A710-2013%2F03%2F13-12%3A17%3A37-From+ErrorBasedIntegrator+%28AliasMatcher%28%2C%29%29	"Kim Bokamper" "kim bokamper" 	"http://en.wikipedia.org/wiki/Kim%20Bokamper" 	Kim Bokamper	http://en.wikipedia.org/wiki/Kim%20Bokamper			%5BAliasMatcher-Iter%3A621-2012%2F08%2F03-10%3A35%3A59-%3Ctoken%3D%3E-Freebase+7%2F9%2F2012%5D
concept:visualizablething:fontainebleau	concept:locationlocatedwithinlocation	concept:city:vegas	973	0.9375	MBL-Iter%3A973-2016%2F01%2F26-12%3A42%3A53-From+ErrorBasedIntegrator+%28CPL%28fontainebleau%2Cvegas%29%29	"fontainebleau" "Fontainebleau" 	"Vegas" "vegas" "VEGAS" 	fontainebleau	Vegas		 concept:city	%5BCPL-Iter%3A667-2012%2F12%2F09-07%3A05%3A24-%3Ctoken%3Dfontainebleau%2Cvegas%3E-arg1+Hotel+and+Casino+in+Las+arg2%091%09arg1+Casino+Resort+in+Las+arg2%091%09arg1+Tower+in+Las+arg2%091%09arg1+hotel+and+casino+in+Las+arg2%091%5D
concept:visualizablething:fontainebleau	concept:subpartof	concept:traditionalgame:vegas	973	0.9375	MBL-Iter%3A973-2016%2F01%2F26-12%3A42%3A53-From+ErrorBasedIntegrator+%28CPL%28fontainebleau%2Cvegas%29%29	"fontainebleau" "Fontainebleau" 	"Vegas" "vegas" "VEGAS" 	fontainebleau	Vegas			%5BCPL-Iter%3A667-2012%2F12%2F09-07%3A05%3A24-%3Ctoken%3Dfontainebleau%2Cvegas%3E-arg1+Hotel+and+Casino+in+Las+arg2%091%09arg1+Casino+Resort+in+Las+arg2%091%09arg1+Tower+in+Las+arg2%091%09arg1+hotel+and+casino+in+Las+arg2%091%5D
concept:musician:vince_vogel	concept:haswikipediaurl	http://en.wikipedia.org/wiki/Vince%20Vogel	710	0.95	MBL-Iter%3A710-2013%2F03%2F13-12%3A17%3A37-From+ErrorBasedIntegrator+%28AliasMatcher%28%2C%29%29	"Vince Vogel" 	"http://en.wikipedia.org/wiki/Vince%20Vogel" 	Vince Vogel	http://en.wikipedia.org/wiki/Vince%20Vogel			%5BAliasMatcher-Iter%3A621-2012%2F08%2F03-10%3A35%3A59-%3Ctoken%3D%3E-Freebase+7%2F9%2F2012%5D
concept:visualartist:lazzaro_baldi	concept:haswikipediaurl	http://en.wikipedia.org/wiki/Lazzaro%20Baldi	710	0.95	MBL-Iter%3A710-2013%2F03%2F13-12%3A17%3A37-From+ErrorBasedIntegrator+%28AliasMatcher%28%2C%29%29	"lazzaro baldi" "Lazzaro Baldi" 	"http://en.wikipedia.org/wiki/Lazzaro%20Baldi" 	lazzaro baldi	http://en.wikipedia.org/wiki/Lazzaro%20Baldi			%5BAliasMatcher-Iter%3A621-2012%2F08%2F03-10%3A35%3A59-%3Ctoken%3D%3E-Freebase+7%2F9%2F2012%5D
concept:personaustralia:christian_ribeiro	concept:haswikipediaurl	http://en.wikipedia.org/wiki/Christian%20Ribeiro	710	0.95	MBL-Iter%3A710-2013%2F03%2F13-12%3A17%3A37-From+ErrorBasedIntegrator+%28AliasMatcher%28%2C%29%29	"Christian Ribeiro" 	"http://en.wikipedia.org/wiki/Christian%20Ribeiro" 	Christian Ribeiro	http://en.wikipedia.org/wiki/Christian%20Ribeiro			%5BAliasMatcher-Iter%3A621-2012%2F08%2F03-10%3A35%3A59-%3Ctoken%3D%3E-Freebase+7%2F9%2F2012%5D
concept:personnorthamerica:isabel_le_despenser	concept:haswikipediaurl	http://en.wikipedia.org/wiki/Isabel%20le%20Despenser	710	0.95	MBL-Iter%3A710-2013%2F03%2F13-12%3A17%3A37-From+ErrorBasedIntegrator+%28AliasMatcher%28%2C%29%29	"Isabel le Despenser" 	"http://en.wikipedia.org/wiki/Isabel%20le%20Despenser" 	Isabel le Despenser	http://en.wikipedia.org/wiki/Isabel%20le%20Despenser			%5BAliasMatcher-Iter%3A621-2012%2F08%2F03-10%3A35%3A59-%3Ctoken%3D%3E-Freebase+7%2F9%2F2012%5D
concept:crustacean:kid	concept:animaldevelopdisease	concept:disease:problems	671	0.96875	MBL-Iter%3A671-2012%2F12%2F19-15%3A54%3A38-From+ErrorBasedIntegrator+%28CPL%28kid%2Cproblems%29%29	"kid" "Kid" "KID" 	"Problems" "PROBLEMS" "problems" 	kid	Problems		 concept:disease	%5BCPL-Iter%3A625-2012%2F08%2F17-08%3A20%3A44-%3Ctoken%3Dkid%2Cproblems%3E-arg1+with+emotional+and+behavioral+arg2%091%09arg1+with+behavior+arg2%094%09arg1+has+behavior+arg2%092%09arg1+solved+math+arg2%091%09arg2+with+my+search+for+my+arg1%0914%5D
concept:crustacean:kid	concept:animaldevelopdisease	concept:disease:disorder	674	0.96875	MBL-Iter%3A674-2012%2F12%2F25-22%3A49%3A32-From+ErrorBasedIntegrator+%28CPL%28kid%2Cdisorder%29%29	"kid" "Kid" "KID" 	"disorder" "DISORDER" "Disorder" 	kid	disorder		 concept:disease	%5BCPL-Iter%3A514-2012%2F02%2F18-02%3A30%3A25-%3Ctoken%3Dkid%2Cdisorder%3E-arg1+with+reactive+attachment+arg2%091%09arg1+with+obsessive+compulsive+arg2%092%09arg1+with+attention+deficit+arg2%099%09arg1+with+attention+deficit+hyperactivity+arg2%092%09arg1+with+conduct+arg2%091%5D
concept:crustacean:kid	concept:animaldevelopdisease	concept:disease:syndrome	752	0.9990234375	MBL-Iter%3A752-2013%2F07%2F18-07%3A13%3A21-From+ErrorBasedIntegrator+%28CPL%28kid%2Csyndrome%29%29	"kid" "Kid" "KID" 	"syndrome" "SYNDROME" "Syndrome" 	kid	syndrome		 concept:disease	%5BCPL-Iter%3A745-2013%2F06%2F24-13%3A47%3A10-%3Ctoken%3Dkid%2Csyndrome%3E-arg1+had+Down+arg2%092%09arg1+with+Down+arg2%0925%09arg1+with+fetal+alcohol+arg2%091%09arg1+has+Down+arg2%092%09arg1+who+had+Down+arg2%091%09arg1+with+Asperger+arg2%091%09arg1+with+Tourette+arg2%091%09arg1+has+downs+arg2%092%09arg1+has+fetal+alcohol+arg2%091%09arg1+with+downs+arg2%094%5D
concept:crustacean:kid	concept:animaldevelopdisease	concept:disease:allergies	962	0.984375	MBL-Iter%3A962-2015%2F12%2F08-18%3A28%3A25-From+ErrorBasedIntegrator+%28CPL%28kid%2Callergies%29%29	"kid" "Kid" "KID" 	"allergies" "ALLERGIES" "Allergies" 	kid	allergies		 concept:disease	%5BCPL-Iter%3A962-2015%2F12%2F05-18%3A53%3A30-%3Ctoken%3Dkid%2Callergies%3E-arg1+with+life+threatening+food+arg2%091%09arg1+has+severe+food+arg2%091%09arg1+with+life+threatening+arg2%091%09arg1+with+severe+food+arg2%091%09arg1+has+any+food+arg2%091%09arg1+was+diagnosed+with+food+arg2%091%5D
concept:university:university_of_bohol	concept:haswikipediaurl	http://en.wikipedia.org/wiki/University%20of%20Bohol	710	0.95	MBL-Iter%3A710-2013%2F03%2F13-12%3A17%3A37-From+ErrorBasedIntegrator+%28AliasMatcher%28%2C%29%29	"University of Bohol" 	"http://en.wikipedia.org/wiki/University%20of%20Bohol" 	University of Bohol	http://en.wikipedia.org/wiki/University%20of%20Bohol			%5BAliasMatcher-Iter%3A621-2012%2F08%2F03-10%3A35%3A59-%3Ctoken%3D%3E-Freebase+7%2F9%2F2012%5D
concept:coach:ed_litzenberger	concept:haswikipediaurl	http://en.wikipedia.org/wiki/Ed%20Litzenberger	710	0.95	MBL-Iter%3A710-2013%2F03%2F13-12%3A17%3A37-From+ErrorBasedIntegrator+%28AliasMatcher%28%2C%29%29	"Ed Litzenberger" 	"http://en.wikipedia.org/wiki/Ed%20Litzenberger" 	Ed Litzenberger	http://en.wikipedia.org/wiki/Ed%20Litzenberger			%5BAliasMatcher-Iter%3A621-2012%2F08%2F03-10%3A35%3A59-%3Ctoken%3D%3E-Freebase+7%2F9%2F2012%5D
concept:militaryconflict:fort_duquesne	concept:haswikipediaurl	http://en.wikipedia.org/wiki/Fort%20Duquesne	710	0.95	MBL-Iter%3A710-2013%2F03%2F13-12%3A17%3A37-From+ErrorBasedIntegrator+%28AliasMatcher%28%2C%29%29	"fort Duquesne" "Fort Duquesne" 	"http://en.wikipedia.org/wiki/Fort%20Duquesne" 	fort Duquesne	http://en.wikipedia.org/wiki/Fort%20Duquesne			%5BAliasMatcher-Iter%3A621-2012%2F08%2F03-10%3A35%3A59-%3Ctoken%3D%3E-Freebase+7%2F9%2F2012%5D
concept:architect:luigi_beccali	concept:haswikipediaurl	http://en.wikipedia.org/wiki/Luigi%20Beccali	710	0.95	MBL-Iter%3A710-2013%2F03%2F13-12%3A17%3A37-From+ErrorBasedIntegrator+%28AliasMatcher%28%2C%29%29	"Luigi Beccali" 	"http://en.wikipedia.org/wiki/Luigi%20Beccali" 	Luigi Beccali	http://en.wikipedia.org/wiki/Luigi%20Beccali			%5BAliasMatcher-Iter%3A621-2012%2F08%2F03-10%3A35%3A59-%3Ctoken%3D%3E-Freebase+7%2F9%2F2012%5D
concept:scientist:corry_brokken	concept:haswikipediaurl	http://en.wikipedia.org/wiki/Corry%20Brokken	710	0.95	MBL-Iter%3A710-2013%2F03%2F13-12%3A17%3A37-From+ErrorBasedIntegrator+%28AliasMatcher%28%2C%29%29	"Corry Brokken" 	"http://en.wikipedia.org/wiki/Corry%20Brokken" 	Corry Brokken	http://en.wikipedia.org/wiki/Corry%20Brokken			%5BAliasMatcher-Iter%3A621-2012%2F08%2F03-10%3A35%3A59-%3Ctoken%3D%3E-Freebase+7%2F9%2F2012%5D
concept:placeofworship:escomb_church	concept:haswikipediaurl	http://en.wikipedia.org/wiki/Escomb%20Church	710	0.95	MBL-Iter%3A710-2013%2F03%2F13-12%3A17%3A37-From+ErrorBasedIntegrator+%28AliasMatcher%28%2C%29%29	"Escomb Church" 	"http://en.wikipedia.org/wiki/Escomb%20Church" 	Escomb Church	http://en.wikipedia.org/wiki/Escomb%20Church			%5BAliasMatcher-Iter%3A621-2012%2F08%2F03-10%3A35%3A59-%3Ctoken%3D%3E-Freebase+7%2F9%2F2012%5D
concept:mammal:gerrit_smith_miller	concept:haswikipediaurl	http://en.wikipedia.org/wiki/Gerrit%20Smith%20Miller	710	0.95	MBL-Iter%3A710-2013%2F03%2F13-12%3A17%3A37-From+ErrorBasedIntegrator+%28AliasMatcher%28%2C%29%29	"Gerrit Smith Miller" 	"http://en.wikipedia.org/wiki/Gerrit%20Smith%20Miller" 	Gerrit Smith Miller	http://en.wikipedia.org/wiki/Gerrit%20Smith%20Miller			%5BAliasMatcher-Iter%3A621-2012%2F08%2F03-10%3A35%3A59-%3Ctoken%3D%3E-Freebase+7%2F9%2F2012%5D
concept:aquarium:west_calder	concept:haswikipediaurl	http://en.wikipedia.org/wiki/West%20Calder	710	0.95	MBL-Iter%3A710-2013%2F03%2F13-12%3A17%3A37-From+ErrorBasedIntegrator+%28AliasMatcher%28%2C%29%29	"West Calder" 	"http://en.wikipedia.org/wiki/West%20Calder" 	West Calder	http://en.wikipedia.org/wiki/West%20Calder			%5BAliasMatcher-Iter%3A621-2012%2F08%2F03-10%3A35%3A59-%3Ctoken%3D%3E-Freebase+7%2F9%2F2012%5D
concept:port:mols_linien	concept:haswikipediaurl	http://en.wikipedia.org/wiki/Mols%2DLinien	710	0.95	MBL-Iter%3A710-2013%2F03%2F13-12%3A17%3A37-From+ErrorBasedIntegrator+%28AliasMatcher%28%2C%29%29	"Mols-Linien" 	"http://en.wikipedia.org/wiki/Mols%2DLinien" 	Mols-Linien	http://en.wikipedia.org/wiki/Mols%2DLinien			%5BAliasMatcher-Iter%3A621-2012%2F08%2F03-10%3A35%3A59-%3Ctoken%3D%3E-Freebase+7%2F9%2F2012%5D
concept:monarch:mikhail_of_vladimir	concept:haswikipediaurl	http://en.wikipedia.org/wiki/Mikhail%20of%20Vladimir	710	0.95	MBL-Iter%3A710-2013%2F03%2F13-12%3A17%3A37-From+ErrorBasedIntegrator+%28AliasMatcher%28%2C%29%29	"Mikhail of Vladimir" 	"http://en.wikipedia.org/wiki/Mikhail%20of%20Vladimir" 	Mikhail of Vladimir	http://en.wikipedia.org/wiki/Mikhail%20of%20Vladimir			%5BAliasMatcher-Iter%3A621-2012%2F08%2F03-10%3A35%3A59-%3Ctoken%3D%3E-Freebase+7%2F9%2F2012%5D
concept:professor:terry_english	concept:haswikipediaurl	http://en.wikipedia.org/wiki/Terry%20English	710	0.95	MBL-Iter%3A710-2013%2F03%2F13-12%3A17%3A37-From+ErrorBasedIntegrator+%28AliasMatcher%28%2C%29%29	"Terry English" "terry english" 	"http://en.wikipedia.org/wiki/Terry%20English" 	Terry English	http://en.wikipedia.org/wiki/Terry%20English			%5BAliasMatcher-Iter%3A621-2012%2F08%2F03-10%3A35%3A59-%3Ctoken%3D%3E-Freebase+7%2F9%2F2012%5D
concept:politician:stephen_hancock	concept:haswikipediaurl	http://en.wikipedia.org/wiki/Stephen%20Hancock	710	0.95	MBL-Iter%3A710-2013%2F03%2F13-12%3A17%3A37-From+ErrorBasedIntegrator+%28AliasMatcher%28%2C%29%29	"Stephen Hancock" 	"http://en.wikipedia.org/wiki/Stephen%20Hancock" 	Stephen Hancock	http://en.wikipedia.org/wiki/Stephen%20Hancock			%5BAliasMatcher-Iter%3A621-2012%2F08%2F03-10%3A35%3A59-%3Ctoken%3D%3E-Freebase+7%2F9%2F2012%5D
concept:personcanada:the_fortune_cookie	concept:haswikipediaurl	http://en.wikipedia.org/wiki/The%20Fortune%20Cookie	710	0.95	MBL-Iter%3A710-2013%2F03%2F13-12%3A17%3A37-From+ErrorBasedIntegrator+%28AliasMatcher%28%2C%29%29	"the fortune cookie" "The Fortune Cookie" 	"http://en.wikipedia.org/wiki/The%20Fortune%20Cookie" 	the fortune cookie	http://en.wikipedia.org/wiki/The%20Fortune%20Cookie			%5BAliasMatcher-Iter%3A621-2012%2F08%2F03-10%3A35%3A59-%3Ctoken%3D%3E-Freebase+7%2F9%2F2012%5D
concept:automobileengine:napier_nomad	concept:haswikipediaurl	http://en.wikipedia.org/wiki/Napier%20Nomad	710	0.95	MBL-Iter%3A710-2013%2F03%2F13-12%3A17%3A37-From+ErrorBasedIntegrator+%28AliasMatcher%28%2C%29%29	"Napier Nomad" 	"http://en.wikipedia.org/wiki/Napier%20Nomad" 	Napier Nomad	http://en.wikipedia.org/wiki/Napier%20Nomad			%5BAliasMatcher-Iter%3A621-2012%2F08%2F03-10%3A35%3A59-%3Ctoken%3D%3E-Freebase+7%2F9%2F2012%5D
concept:software:rapala_tournament_fishing	concept:haswikipediaurl	http://en.wikipedia.org/wiki/Rapala%20Tournament%20Fishing	710	0.95	MBL-Iter%3A710-2013%2F03%2F13-12%3A17%3A37-From+ErrorBasedIntegrator+%28AliasMatcher%28%2C%29%29	"Rapala Tournament Fishing" 	"http://en.wikipedia.org/wiki/Rapala%20Tournament%20Fishing" 	Rapala Tournament Fishing	http://en.wikipedia.org/wiki/Rapala%20Tournament%20Fishing			%5BAliasMatcher-Iter%3A621-2012%2F08%2F03-10%3A35%3A59-%3Ctoken%3D%3E-Freebase+7%2F9%2F2012%5D
concept:amphibian:archaeobatrachia	concept:haswikipediaurl	http://en.wikipedia.org/wiki/Archaeobatrachia	710	0.95	MBL-Iter%3A710-2013%2F03%2F13-12%3A17%3A37-From+ErrorBasedIntegrator+%28AliasMatcher%28%2C%29%29	"Archaeobatrachia" 	"http://en.wikipedia.org/wiki/Archaeobatrachia" 	Archaeobatrachia	http://en.wikipedia.org/wiki/Archaeobatrachia			%5BAliasMatcher-Iter%3A621-2012%2F08%2F03-10%3A35%3A59-%3Ctoken%3D%3E-Freebase+7%2F9%2F2012%5D
concept:university:taipei_physical_education_college	concept:haswikipediaurl	http://en.wikipedia.org/wiki/Taipei%20Physical%20Education%20College	710	0.95	MBL-Iter%3A710-2013%2F03%2F13-12%3A17%3A37-From+ErrorBasedIntegrator+%28AliasMatcher%28%2C%29%29	"Taipei Physical Education College" 	"http://en.wikipedia.org/wiki/Taipei%20Physical%20Education%20College" 	Taipei Physical Education College	http://en.wikipedia.org/wiki/Taipei%20Physical%20Education%20College			%5BAliasMatcher-Iter%3A621-2012%2F08%2F03-10%3A35%3A59-%3Ctoken%3D%3E-Freebase+7%2F9%2F2012%5D
concept:athlete:n1966_nfl_draft	concept:haswikipediaurl	http://en.wikipedia.org/wiki/1966%20NFL%20Draft	710	0.95	MBL-Iter%3A710-2013%2F03%2F13-12%3A17%3A37-From+ErrorBasedIntegrator+%28AliasMatcher%28%2C%29%29	"1966 NFL Draft" 	"http://en.wikipedia.org/wiki/1966%20NFL%20Draft" 	1966 NFL Draft	http://en.wikipedia.org/wiki/1966%20NFL%20Draft			%5BAliasMatcher-Iter%3A621-2012%2F08%2F03-10%3A35%3A59-%3Ctoken%3D%3E-Freebase+7%2F9%2F2012%5D
concept:videogame:madballs_in_babo__invasion	concept:haswikipediaurl	http://en.wikipedia.org/wiki/Madballs%20in%20Babo%3A%20Invasion	710	0.95	MBL-Iter%3A710-2013%2F03%2F13-12%3A17%3A37-From+ErrorBasedIntegrator+%28AliasMatcher%28%2C%29%29	"Madballs in Babo: Invasion" 	"http://en.wikipedia.org/wiki/Madballs%20in%20Babo%3A%20Invasion" 	Madballs in Babo: Invasion	http://en.wikipedia.org/wiki/Madballs%20in%20Babo%3A%20Invasion			%5BAliasMatcher-Iter%3A621-2012%2F08%2F03-10%3A35%3A59-%3Ctoken%3D%3E-Freebase+7%2F9%2F2012%5D
concept:female:anne_seymour_damer	concept:haswikipediaurl	http://en.wikipedia.org/wiki/Anne%20Seymour%20Damer	710	0.95	MBL-Iter%3A710-2013%2F03%2F13-12%3A17%3A37-From+ErrorBasedIntegrator+%28AliasMatcher%28%2C%29%29	"Anne Seymour Damer" 	"http://en.wikipedia.org/wiki/Anne%20Seymour%20Damer" 	Anne Seymour Damer	http://en.wikipedia.org/wiki/Anne%20Seymour%20Damer			%5BAliasMatcher-Iter%3A621-2012%2F08%2F03-10%3A35%3A59-%3Ctoken%3D%3E-Freebase+7%2F9%2F2012%5D
concept:celebrity:ren__g_nin	concept:haswikipediaurl	http://en.wikipedia.org/wiki/Ren%C3%A9%20G%C3%A9nin	710	0.95	MBL-Iter%3A710-2013%2F03%2F13-12%3A17%3A37-From+ErrorBasedIntegrator+%28AliasMatcher%28%2C%29%29	"René Génin" 	"http://en.wikipedia.org/wiki/Ren%C3%A9%20G%C3%A9nin" 	René Génin	http://en.wikipedia.org/wiki/Ren%C3%A9%20G%C3%A9nin			%5BAliasMatcher-Iter%3A621-2012%2F08%2F03-10%3A35%3A59-%3Ctoken%3D%3E-Freebase+7%2F9%2F2012%5D
concept:personmexico:ana_mar_a_cetto	concept:haswikipediaurl	http://en.wikipedia.org/wiki/Ana%20Maria%20Cetto	710	0.95	MBL-Iter%3A710-2013%2F03%2F13-12%3A17%3A37-From+ErrorBasedIntegrator+%28AliasMatcher%28%2C%29%29	"Ana María Cetto" "ana-mar-a-cetto" 	"http://en.wikipedia.org/wiki/Ana%20Maria%20Cetto" 	Ana María Cetto	http://en.wikipedia.org/wiki/Ana%20Maria%20Cetto			%5BAliasMatcher-Iter%3A621-2012%2F08%2F03-10%3A35%3A59-%3Ctoken%3D%3E-Freebase+7%2F9%2F2012%5D
concept:arachnid:ceratogyrus_bechuanicus	concept:haswikipediaurl	http://en.wikipedia.org/wiki/Ceratogyrus%20darlingi	710	0.95	MBL-Iter%3A710-2013%2F03%2F13-12%3A17%3A37-From+ErrorBasedIntegrator+%28AliasMatcher%28%2C%29%29	"Ceratogyrus bechuanicus" "ceratogyrus bechuanicus" 	"http://en.wikipedia.org/wiki/Ceratogyrus%20darlingi" 	Ceratogyrus bechuanicus	http://en.wikipedia.org/wiki/Ceratogyrus%20darlingi			%5BAliasMatcher-Iter%3A621-2012%2F08%2F03-10%3A35%3A59-%3Ctoken%3D%3E-Freebase+7%2F9%2F2012%5D
concept:personnorthamerica:christopher_phelps	concept:haswikipediaurl	http://en.wikipedia.org/wiki/Christopher%20Phelps	710	0.95	MBL-Iter%3A710-2013%2F03%2F13-12%3A17%3A37-From+ErrorBasedIntegrator+%28AliasMatcher%28%2C%29%29	"Christopher Phelps" 	"http://en.wikipedia.org/wiki/Christopher%20Phelps" 	Christopher Phelps	http://en.wikipedia.org/wiki/Christopher%20Phelps			%5BAliasMatcher-Iter%3A621-2012%2F08%2F03-10%3A35%3A59-%3Ctoken%3D%3E-Freebase+7%2F9%2F2012%5D
concept:visualartist:agostino_veneziano	concept:haswikipediaurl	http://en.wikipedia.org/wiki/Agostino%20Veneziano	710	0.95	MBL-Iter%3A710-2013%2F03%2F13-12%3A17%3A37-From+ErrorBasedIntegrator+%28AliasMatcher%28%2C%29%29	"Agostino Veneziano" "agostino veneziano" 	"http://en.wikipedia.org/wiki/Agostino%20Veneziano" 	Agostino Veneziano	http://en.wikipedia.org/wiki/Agostino%20Veneziano			%5BAliasMatcher-Iter%3A621-2012%2F08%2F03-10%3A35%3A59-%3Ctoken%3D%3E-Freebase+7%2F9%2F2012%5D
concept:athlete:jason_keep	concept:haswikipediaurl	http://en.wikipedia.org/wiki/Jason%20Keep	710	0.95	MBL-Iter%3A710-2013%2F03%2F13-12%3A17%3A37-From+ErrorBasedIntegrator+%28AliasMatcher%28%2C%29%29	"Jason Keep" 	"http://en.wikipedia.org/wiki/Jason%20Keep" 	Jason Keep	http://en.wikipedia.org/wiki/Jason%20Keep			%5BAliasMatcher-Iter%3A621-2012%2F08%2F03-10%3A35%3A59-%3Ctoken%3D%3E-Freebase+7%2F9%2F2012%5D
concept:personnorthamerica:nancy_hollister	concept:haswikipediaurl	http://en.wikipedia.org/wiki/Nancy%20Hollister	710	0.95	MBL-Iter%3A710-2013%2F03%2F13-12%3A17%3A37-From+ErrorBasedIntegrator+%28AliasMatcher%28%2C%29%29	"Nancy Hollister" 	"http://en.wikipedia.org/wiki/Nancy%20Hollister" 	Nancy Hollister	http://en.wikipedia.org/wiki/Nancy%20Hollister			%5BAliasMatcher-Iter%3A621-2012%2F08%2F03-10%3A35%3A59-%3Ctoken%3D%3E-Freebase+7%2F9%2F2012%5D
concept:city:cherating	concept:haswikipediaurl	http://en.wikipedia.org/wiki/Cherating	710	0.95	MBL-Iter%3A710-2013%2F03%2F13-12%3A17%3A37-From+ErrorBasedIntegrator+%28AliasMatcher%28%2C%29%29	"cherating" "Cherating" 	"http://en.wikipedia.org/wiki/Cherating" 	cherating	http://en.wikipedia.org/wiki/Cherating			%5BAliasMatcher-Iter%3A621-2012%2F08%2F03-10%3A35%3A59-%3Ctoken%3D%3E-Freebase+7%2F9%2F2012%5D
concept:bridge:c_line_ti_susani_church	concept:haswikipediaurl	http://en.wikipedia.org/wiki/C%C4%83line%C5%9Fti%20Susani%20church	710	0.95	MBL-Iter%3A710-2013%2F03%2F13-12%3A17%3A37-From+ErrorBasedIntegrator+%28AliasMatcher%28%2C%29%29	"Călineşti Susani church" 	"http://en.wikipedia.org/wiki/C%C4%83line%C5%9Fti%20Susani%20church" 	Călineşti Susani church	http://en.wikipedia.org/wiki/C%C4%83line%C5%9Fti%20Susani%20church			%5BAliasMatcher-Iter%3A621-2012%2F08%2F03-10%3A35%3A59-%3Ctoken%3D%3E-Freebase+7%2F9%2F2012%5D
concept:televisionshow:my_life_as_a_popat	concept:haswikipediaurl	http://en.wikipedia.org/wiki/My%20Life%20as%20a%20Popat	710	0.95	MBL-Iter%3A710-2013%2F03%2F13-12%3A17%3A37-From+ErrorBasedIntegrator+%28AliasMatcher%28%2C%29%29	"My Life as a Popat" 	"http://en.wikipedia.org/wiki/My%20Life%20as%20a%20Popat" 	My Life as a Popat	http://en.wikipedia.org/wiki/My%20Life%20as%20a%20Popat			%5BAliasMatcher-Iter%3A621-2012%2F08%2F03-10%3A35%3A59-%3Ctoken%3D%3E-Freebase+7%2F9%2F2012%5D
concept:comedian:jorge_mistral	concept:haswikipediaurl	http://en.wikipedia.org/wiki/Jorge%20Mistral	710	0.95	MBL-Iter%3A710-2013%2F03%2F13-12%3A17%3A37-From+ErrorBasedIntegrator+%28AliasMatcher%28%2C%29%29	"jorge mistral" "Jorge Mistral" 	"http://en.wikipedia.org/wiki/Jorge%20Mistral" 	jorge mistral	http://en.wikipedia.org/wiki/Jorge%20Mistral			%5BAliasMatcher-Iter%3A621-2012%2F08%2F03-10%3A35%3A59-%3Ctoken%3D%3E-Freebase+7%2F9%2F2012%5D
concept:county:mesa_public_schools	concept:haswikipediaurl	http://en.wikipedia.org/wiki/Mesa%20Public%20Schools	710	0.95	MBL-Iter%3A710-2013%2F03%2F13-12%3A17%3A37-From+ErrorBasedIntegrator+%28AliasMatcher%28%2C%29%29	"Mesa Public Schools" 	"http://en.wikipedia.org/wiki/Mesa%20Public%20Schools" 	Mesa Public Schools	http://en.wikipedia.org/wiki/Mesa%20Public%20Schools			%5BAliasMatcher-Iter%3A621-2012%2F08%2F03-10%3A35%3A59-%3Ctoken%3D%3E-Freebase+7%2F9%2F2012%5D
concept:personaustralia:gary_mcallister	concept:haswikipediaurl	http://en.wikipedia.org/wiki/Gary%20McAllister	710	0.95	MBL-Iter%3A710-2013%2F03%2F13-12%3A17%3A37-From+ErrorBasedIntegrator+%28AliasMatcher%28%2C%29%29	"Gary McAllister" 	"http://en.wikipedia.org/wiki/Gary%20McAllister" 	Gary McAllister	http://en.wikipedia.org/wiki/Gary%20McAllister			%5BAliasMatcher-Iter%3A621-2012%2F08%2F03-10%3A35%3A59-%3Ctoken%3D%3E-Freebase+7%2F9%2F2012%5D
concept:park:serenje	concept:haswikipediaurl	http://en.wikipedia.org/wiki/Serenje	710	0.95	MBL-Iter%3A710-2013%2F03%2F13-12%3A17%3A37-From+ErrorBasedIntegrator+%28AliasMatcher%28%2C%29%29	"Serenje" 	"http://en.wikipedia.org/wiki/Serenje" 	Serenje	http://en.wikipedia.org/wiki/Serenje			%5BAliasMatcher-Iter%3A621-2012%2F08%2F03-10%3A35%3A59-%3Ctoken%3D%3E-Freebase+7%2F9%2F2012%5D
concept:personcanada:paul_rust	concept:haswikipediaurl	http://en.wikipedia.org/wiki/Paul%20Rust	710	0.95	MBL-Iter%3A710-2013%2F03%2F13-12%3A17%3A37-From+ErrorBasedIntegrator+%28AliasMatcher%28%2C%29%29	"paul rust" "Paul Rust" 	"http://en.wikipedia.org/wiki/Paul%20Rust" 	paul rust	http://en.wikipedia.org/wiki/Paul%20Rust			%5BAliasMatcher-Iter%3A621-2012%2F08%2F03-10%3A35%3A59-%3Ctoken%3D%3E-Freebase+7%2F9%2F2012%5D
concept:personmexico:buddy_gilbert	concept:haswikipediaurl	http://en.wikipedia.org/wiki/Buddy%20Gilbert	710	0.95	MBL-Iter%3A710-2013%2F03%2F13-12%3A17%3A37-From+ErrorBasedIntegrator+%28AliasMatcher%28%2C%29%29	"Buddy Gilbert" 	"http://en.wikipedia.org/wiki/Buddy%20Gilbert" 	Buddy Gilbert	http://en.wikipedia.org/wiki/Buddy%20Gilbert			%5BAliasMatcher-Iter%3A621-2012%2F08%2F03-10%3A35%3A59-%3Ctoken%3D%3E-Freebase+7%2F9%2F2012%5D